timestamp,src_ip,target_ip,attack_label,attack_type,broker_response_latency_ms,packets_per_second,mqtt_publish_rate,device_heap_free_bytes,result_code,password_length,payload_entropy,auth_attempt_rate,auth_failure_rate,auth_success_rate,unique_passwords_tried,credential_entropy,inter_arrival_mean_ms,inter_arrival_std_ms,consecutive_failures,session_attempt_count,session_failure_rate,latency_zscore,duplicate_payload_rate,msg_timestamp_delta_ms
2026-05-12 19:20:46,192.168.1.100,172.20.10.5,0,replay,0.12,2,2,235000,0,0,0,0,0,0,0,0,50,2,0,0,0,0,0,50
2026-05-12 19:22:43,192.168.1.100,172.20.10.5,0,replay,0.048,2,2,235000,0,0,0,0,0,0,0,0,50,2,0,0,0,-1.0,0,50
2026-05-12 19:22:44,192.168.1.100,172.20.10.5,0,replay,0.029,2,2,235000,0,0,0,0,0,0,0,0,50,2,0,0,0,-0.9355,0,50
2026-05-12 19:22:45,192.168.1.100,172.20.10.5,0,replay,0.039,2,2,235000,0,0,0,0,0,0,0,0,50,2,0,0,0,-0.5578,0,50
2026-05-12 19:22:46,192.168.1.100,172.20.10.5,0,replay,0.032,2,2,235000,0,0,0,0,0,0,0,0,50,2,0,0,0,-0.6383,0,50
2026-05-12 19:22:46,192.168.1.100,172.20.10.5,0,replay,0.047,2,2,235000,0,0,0,0,0,0,0,0,50,2,0,0,0,-0.1775,0,50
2026-05-12 19:22:47,192.168.1.100,172.20.10.5,0,replay,0.06,2,2,235000,0,0,0,0,0,0,0,0,50,2,0,0,0,0.2231,0,50
2026-05-12 19:22:47,192.168.1.100,172.20.10.5,0,replay,0.028,2,2,235000,0,0,0,0,0,0,0,0,50,2,0,0,0,-0.7922,0,50
2026-05-12 19:22:47,192.168.1.100,172.20.10.5,0,replay,0.031,2,2,235000,0,0,0,0,0,0,0,0,50,2,0,0,0,-0.6305,0,50
2026-05-12 19:22:48,192.168.1.100,172.20.10.5,0,replay,0.027,2,2,235000,0,0,0,0,0,0,0,0,50,2,0,0,0,-0.7158,0,50
2026-05-12 19:22:48,192.168.1.100,172.20.10.5,0,replay,0.026,2,2,235000,0,0,0,0,0,0,0,0,50,2,0,0,0,-0.7003,0,50
2026-05-12 19:22:48,192.168.1.100,172.20.10.5,0,replay,0.031,2,2,235000,0,0,0,0,0,0,0,0,50,2,0,0,0,-0.4819,0,50
2026-05-12 19:22:50,192.168.1.100,172.20.10.5,0,replay,0.029,2,2,235000,0,0,0,0,0,0,0,0,50,2,0,0,0,-0.5327,0,50
2026-05-12 19:22:51,192.168.1.100,172.20.10.5,0,replay,0.027,2,2,235000,0,0,0,0,0,0,0,0,50,2,0,0,0,-0.584,0,50
2026-05-12 19:23:02,192.168.1.100,172.20.10.5,0,replay,0.024,2,2,235000,0,0,0,0,0,0,0,0,50,2,0,0,0,-0.6739,0,50
2026-05-12 19:23:03,192.168.1.100,172.20.10.5,0,replay,0.224,2,2,235000,0,0,0,0,0,0,0,0,50,2,0,0,0,3.4481,0,50
2026-05-12 19:23:04,192.168.1.100,172.20.10.5,0,replay,0.037,2,2,235000,0,0,0,0,0,0,0,0,50,2,0,0,0,-0.2779,0,50
2026-05-12 19:23:05,192.168.1.100,172.20.10.5,0,replay,0.029,2,2,235000,0,0,0,0,0,0,0,0,50,2,0,0,0,-0.4274,0,50
2026-05-12 19:23:05,192.168.1.100,172.20.10.5,0,replay,0.032,2,2,235000,0,0,0,0,0,0,0,0,50,2,0,0,0,-0.3534,0,50
2026-05-12 19:23:06,192.168.1.100,172.20.10.5,0,replay,0.079,2,2,235000,0,0,0,0,0,0,0,0,50,2,0,0,0,0.6346,0,50
2026-05-12 19:23:06,192.168.1.100,172.20.10.5,0,replay,0.033,2,2,235000,0,0,0,0,0,0,0,0,50,2,0,0,0,-0.3602,0,50
2026-05-12 19:23:06,192.168.1.100,172.20.10.5,0,replay,0.039,2,2,235000,0,0,0,0,0,0,0,0,50,2,0,0,0,-0.2209,0,50
2026-05-12 19:23:07,192.168.1.100,172.20.10.5,0,replay,0.061,2,2,235000,0,0,0,0,0,0,0,0,50,2,0,0,0,0.2743,0,50
2026-05-12 19:23:07,192.168.1.100,172.20.10.5,0,replay,0.094,2,2,235000,0,0,0,0,0,0,0,0,50,2,0,0,0,0.9984,0,50
2026-05-12 19:23:07,192.168.1.100,172.20.10.5,0,replay,0.033,2,2,235000,0,0,0,0,0,0,0,0,50,2,0,0,0,-0.4107,0,50
2026-05-12 19:23:08,192.168.1.100,172.20.10.5,0,replay,0.07,2,2,235000,0,0,0,0,0,0,0,0,50,2,0,0,0,0.4538,0,50
2026-05-12 19:23:08,192.168.1.100,172.20.10.5,0,replay,0.057,2,2,235000,0,0,0,0,0,0,0,0,50,2,0,0,0,0.1387,0,50
2026-05-12 19:23:08,192.168.1.100,172.20.10.5,0,replay,0.036,2,2,235000,0,0,0,0,0,0,0,0,50,2,0,0,0,-0.3676,0,50
2026-05-12 19:23:08,192.168.1.100,172.20.10.5,0,replay,0.036,2,2,235000,0,0,0,0,0,0,0,0,50,2,0,0,0,-0.3604,0,50
2026-05-12 19:23:08,192.168.1.100,172.20.10.5,0,replay,0.02,2,2,235000,0,0,0,0,0,0,0,0,50,2,0,0,0,-0.7443,0,50
2026-05-12 19:23:09,192.168.1.100,172.20.10.5,0,replay,0.094,2,2,235000,0,0,0,0,0,0,0,0,50,2,0,0,0,1.0964,0,50
2026-05-12 19:23:09,192.168.1.100,172.20.10.5,0,replay,0.081,2,2,235000,0,0,0,0,0,0,0,0,50,2,0,0,0,0.7483,0,50
2026-05-12 19:23:09,192.168.1.100,172.20.10.5,0,replay,0.064,2,2,235000,0,0,0,0,0,0,0,0,50,2,0,0,0,0.3095,0,50
2026-05-12 19:23:09,192.168.1.100,172.20.10.5,0,replay,0.036,2,2,235000,0,0,0,0,0,0,0,0,50,2,0,0,0,-0.4073,0,50
2026-05-12 19:23:09,192.168.1.100,172.20.10.5,0,replay,0.026,2,2,235000,0,0,0,0,0,0,0,0,50,2,0,0,0,-0.6553,0,50
2026-05-12 19:23:10,192.168.1.100,172.20.10.5,0,replay,0.046,2,2,235000,0,0,0,0,0,0,0,0,50,2,0,0,0,-0.1256,0,50
2026-05-12 19:23:10,192.168.1.100,172.20.10.5,0,replay,0.061,2,2,235000,0,0,0,0,0,0,0,0,50,2,0,0,0,0.2718,0,50
2026-05-12 19:23:10,192.168.1.100,172.20.10.5,0,replay,0.072,2,2,235000,0,0,0,0,0,0,0,0,50,2,0,0,0,0.56,0,50
2026-05-12 19:23:10,192.168.1.100,172.20.10.5,0,replay,0.028,2,2,235000,0,0,0,0,0,0,0,0,50,2,0,0,0,-0.6318,0,50
2026-05-12 19:23:10,192.168.1.100,172.20.10.5,0,replay,0.033,2,2,235000,0,0,0,0,0,0,0,0,50,2,0,0,0,-0.4863,0,50
2026-05-12 19:23:11,192.168.1.100,172.20.10.5,0,replay,0.059,2,2,235000,0,0,0,0,0,0,0,0,50,2,0,0,0,0.2342,0,50
2026-05-12 19:23:11,192.168.1.100,172.20.10.5,0,replay,0.805,2,2,235000,0,0,0,0,0,0,0,0,50,2,0,0,0,6.1243,0,50
2026-05-12 19:23:11,192.168.1.100,172.20.10.5,0,replay,0.046,2,2,235000,0,0,0,0,0,0,0,0,50,2,0,0,0,-0.186,0,50
2026-05-12 19:23:11,192.168.1.100,172.20.10.5,0,replay,0.044,2,2,235000,0,0,0,0,0,0,0,0,50,2,0,0,0,-0.2005,0,50
2026-05-12 19:23:11,192.168.1.100,172.20.10.5,0,replay,0.041,2,2,235000,0,0,0,0,0,0,0,0,50,2,0,0,0,-0.2233,0,50
2026-05-12 19:23:12,192.168.1.100,172.20.10.5,0,replay,0.053,2,2,235000,0,0,0,0,0,0,0,0,50,2,0,0,0,-0.1188,0,50
2026-05-12 19:23:12,192.168.1.100,172.20.10.5,0,replay,0.059,2,2,235000,0,0,0,0,0,0,0,0,50,2,0,0,0,-0.066,0,50
2026-05-12 19:23:12,192.168.1.100,172.20.10.5,0,replay,0.028,2,2,235000,0,0,0,0,0,0,0,0,50,2,0,0,0,-0.3343,0,50
2026-05-12 19:23:12,192.168.1.100,172.20.10.5,0,replay,0.062,2,2,235000,0,0,0,0,0,0,0,0,50,2,0,0,0,-0.0325,0,50
2026-05-12 19:23:12,192.168.1.100,172.20.10.5,0,replay,0.037,2,2,235000,0,0,0,0,0,0,0,0,50,2,0,0,0,-0.2537,0,50
2026-05-12 19:23:13,192.168.1.100,172.20.10.5,0,replay,0.08,2,2,235000,0,0,0,0,0,0,0,0,50,2,0,0,0,0.1337,0,50
2026-05-12 19:23:13,192.168.1.100,172.20.10.5,0,replay,0.086,2,2,235000,0,0,0,0,0,0,0,0,50,2,0,0,0,0.1866,0,50
2026-05-12 19:23:13,192.168.1.100,172.20.10.5,0,replay,0.086,2,2,235000,0,0,0,0,0,0,0,0,50,2,0,0,0,0.1848,0,50
2026-05-12 19:23:13,192.168.1.100,172.20.10.5,0,replay,0.061,2,2,235000,0,0,0,0,0,0,0,0,50,2,0,0,0,-0.0473,0,50
2026-05-12 19:23:13,192.168.1.100,172.20.10.5,0,replay,0.049,2,2,235000,0,0,0,0,0,0,0,0,50,2,0,0,0,-0.1585,0,50
2026-05-12 19:23:13,192.168.1.100,172.20.10.5,0,replay,0.056,2,2,235000,0,0,0,0,0,0,0,0,50,2,0,0,0,-0.0913,0,50
2026-05-12 19:23:14,192.168.1.100,172.20.10.5,0,replay,0.05,2,2,235000,0,0,0,0,0,0,0,0,50,2,0,0,0,-0.1473,0,50
2026-05-12 19:23:14,192.168.1.100,172.20.10.5,0,replay,0.16,2,2,235000,0,0,0,0,0,0,0,0,50,2,0,0,0,0.8989,0,50
2026-05-12 19:23:14,192.168.1.100,172.20.10.5,0,replay,0.057,2,2,235000,0,0,0,0,0,0,0,0,50,2,0,0,0,-0.0949,0,50
2026-05-12 19:23:14,192.168.1.100,172.20.10.5,0,replay,0.021,2,2,235000,0,0,0,0,0,0,0,0,50,2,0,0,0,-0.4411,0,50
2026-05-12 19:23:14,192.168.1.100,172.20.10.5,0,replay,0.453,2,2,235000,0,0,0,0,0,0,0,0,50,2,0,0,0,3.3851,0,50
2026-05-12 19:23:15,192.168.1.100,172.20.10.5,0,replay,0.067,2,2,235000,0,0,0,0,0,0,0,0,50,2,0,0,0,-0.047,0,50
2026-05-12 19:23:15,192.168.1.100,172.20.10.5,0,replay,0.036,2,2,235000,0,0,0,0,0,0,0,0,50,2,0,0,0,-0.322,0,50
2026-05-12 19:23:15,192.168.1.100,172.20.10.5,0,replay,0.049,2,2,235000,0,0,0,0,0,0,0,0,50,2,0,0,0,-0.203,0,50
2026-05-12 19:23:15,192.168.1.100,172.20.10.5,0,replay,0.083,2,2,235000,0,0,0,0,0,0,0,0,50,2,0,0,0,0.1055,0,50
2026-05-12 19:23:15,192.168.1.100,172.20.10.5,0,replay,0.036,2,2,235000,0,0,0,0,0,0,0,0,50,2,0,0,0,-0.3226,0,50
2026-05-12 19:23:16,192.168.1.100,172.20.10.5,0,replay,0.687,2,2,235000,0,0,0,0,0,0,0,0,50,2,0,0,0,4.6351,0,50
2026-05-12 19:23:16,192.168.1.100,172.20.10.5,0,replay,0.062,2,2,235000,0,0,0,0,0,0,0,0,50,2,0,0,0,-0.1376,0,50
2026-05-12 19:23:16,192.168.1.100,172.20.10.5,0,replay,0.083,2,2,235000,0,0,0,0,0,0,0,0,50,2,0,0,0,0.0238,0,50
2026-05-12 19:23:16,192.168.1.100,172.20.10.5,0,replay,0.098,2,2,235000,0,0,0,0,0,0,0,0,50,2,0,0,0,0.139,0,50
2026-05-12 19:23:16,192.168.1.100,172.20.10.5,0,replay,0.038,2,2,235000,0,0,0,0,0,0,0,0,50,2,0,0,0,-0.3267,0,50
2026-05-12 19:23:17,192.168.1.100,172.20.10.5,0,replay,0.147,2,2,235000,0,0,0,0,0,0,0,0,50,2,0,0,0,0.5247,0,50
2026-05-12 19:23:17,192.168.1.100,172.20.10.5,0,replay,0.084,2,2,235000,0,0,0,0,0,0,0,0,50,2,0,0,0,0.0272,0,50
2026-05-12 19:23:17,192.168.1.100,172.20.10.5,0,replay,0.024,2,2,235000,0,0,0,0,0,0,0,0,50,2,0,0,0,-0.446,0,50
2026-05-12 19:23:17,192.168.1.100,172.20.10.5,0,replay,0.045,2,2,235000,0,0,0,0,0,0,0,0,50,2,0,0,0,-0.2762,0,50
2026-05-12 19:23:17,192.168.1.100,172.20.10.5,0,replay,0.053,2,2,235000,0,0,0,0,0,0,0,0,50,2,0,0,0,-0.2104,0,50
2026-05-12 19:23:18,192.168.1.100,172.20.10.5,0,replay,0.055,2,2,235000,0,0,0,0,0,0,0,0,50,2,0,0,0,-0.1929,0,50
2026-05-12 19:23:18,192.168.1.100,172.20.10.5,0,replay,0.033,2,2,235000,0,0,0,0,0,0,0,0,50,2,0,0,0,-0.3694,0,50
2026-05-12 19:23:18,192.168.1.100,172.20.10.5,0,replay,0.052,2,2,235000,0,0,0,0,0,0,0,0,50,2,0,0,0,-0.2123,0,50
2026-05-12 19:23:18,192.168.1.100,172.20.10.5,0,replay,0.026,2,2,235000,0,0,0,0,0,0,0,0,50,2,0,0,0,-0.4234,0,50
2026-05-12 19:23:18,192.168.1.100,172.20.10.5,0,replay,0.036,2,2,235000,0,0,0,0,0,0,0,0,50,2,0,0,0,-0.3382,0,50
2026-05-12 19:23:19,192.168.1.100,172.20.10.5,0,replay,0.041,2,2,235000,0,0,0,0,0,0,0,0,50,2,0,0,0,-0.2946,0,50
2026-05-12 19:23:19,192.168.1.100,172.20.10.5,0,replay,0.04,2,2,235000,0,0,0,0,0,0,0,0,50,2,0,0,0,-0.301,0,50
2026-05-12 19:23:19,192.168.1.100,172.20.10.5,0,replay,0.046,2,2,235000,0,0,0,0,0,0,0,0,50,2,0,0,0,-0.2489,0,50
2026-05-12 19:23:19,192.168.1.100,172.20.10.5,0,replay,0.041,2,2,235000,0,0,0,0,0,0,0,0,50,2,0,0,0,-0.2894,0,50
2026-05-12 19:23:19,192.168.1.100,172.20.10.5,0,replay,0.07,2,2,235000,0,0,0,0,0,0,0,0,50,2,0,0,0,-0.0422,0,50
2026-05-12 19:23:20,192.168.1.100,172.20.10.5,0,replay,0.048,2,2,235000,0,0,0,0,0,0,0,0,50,2,0,0,0,-0.2292,0,50
2026-05-12 19:23:20,192.168.1.100,172.20.10.5,0,replay,0.026,2,2,235000,0,0,0,0,0,0,0,0,50,2,0,0,0,-0.4159,0,50
2026-05-12 19:23:20,192.168.1.100,172.20.10.5,0,replay,0.073,2,2,235000,0,0,0,0,0,0,0,0,50,2,0,0,0,-0.0092,0,50
2026-05-12 19:23:20,192.168.1.100,172.20.10.5,0,replay,0.047,2,2,235000,0,0,0,0,0,0,0,0,50,2,0,0,0,-0.234,0,50
2026-05-12 19:23:20,192.168.1.100,172.20.10.5,0,replay,0.034,2,2,235000,0,0,0,0,0,0,0,0,50,2,0,0,0,-0.3456,0,50
2026-05-12 19:23:21,192.168.1.100,172.20.10.5,0,replay,0.063,2,2,235000,0,0,0,0,0,0,0,0,50,2,0,0,0,-0.0902,0,50
2026-05-12 19:23:21,192.168.1.100,172.20.10.5,0,replay,0.093,2,2,235000,0,0,0,0,0,0,0,0,50,2,0,0,0,0.1739,0,50
2026-05-12 19:23:21,192.168.1.100,172.20.10.5,0,replay,0.03,2,2,235000,0,0,0,0,0,0,0,0,50,2,0,0,0,-0.3834,0,50
2026-05-12 19:23:21,192.168.1.100,172.20.10.5,0,replay,0.082,2,2,235000,0,0,0,0,0,0,0,0,50,2,0,0,0,0.0803,0,50
2026-05-12 19:23:21,192.168.1.100,172.20.10.5,0,replay,0.058,2,2,235000,0,0,0,0,0,0,0,0,50,2,0,0,0,-0.1343,0,50
2026-05-12 19:23:22,192.168.1.100,172.20.10.5,0,replay,0.084,2,2,235000,0,0,0,0,0,0,0,0,50,2,0,0,0,0.0996,0,50
2026-05-12 19:23:22,192.168.1.100,172.20.10.5,0,replay,0.126,2,2,235000,0,0,0,0,0,0,0,0,50,2,0,0,0,0.4773,0,50
2026-05-12 19:23:23,192.168.1.100,172.20.10.5,0,replay,0.021,2,2,235000,0,0,0,0,0,0,0,0,50,2,0,0,0,-0.4752,0,50
2026-05-12 19:23:24,192.168.1.100,172.20.10.5,0,replay,0.041,2,2,235000,0,0,0,0,0,0,0,0,50,2,0,0,0,-0.2909,0,50
2026-05-12 19:23:24,192.168.1.100,172.20.10.5,0,replay,0.02,2,2,235000,0,0,0,0,0,0,0,0,50,2,0,0,0,-0.4807,0,50
2026-05-12 19:23:24,192.168.1.100,172.20.10.5,0,replay,0.031,2,2,235000,0,0,0,0,0,0,0,0,50,2,0,0,0,-0.3772,0,50
2026-05-12 19:23:25,192.168.1.100,172.20.10.5,0,replay,0.023,2,2,235000,0,0,0,0,0,0,0,0,50,2,0,0,0,-0.4486,0,50
2026-05-12 19:23:25,192.168.1.100,172.20.10.5,0,replay,0.022,2,2,235000,0,0,0,0,0,0,0,0,50,2,0,0,0,-0.4552,0,50
2026-05-12 19:23:25,192.168.1.100,172.20.10.5,0,replay,0.04,2,2,235000,0,0,0,0,0,0,0,0,50,2,0,0,0,-0.2859,0,50
2026-05-12 19:23:25,192.168.1.100,172.20.10.5,0,replay,0.023,2,2,235000,0,0,0,0,0,0,0,0,50,2,0,0,0,-0.4426,0,50
2026-05-12 19:23:38,192.168.1.100,172.20.10.5,0,replay,0.034,2,2,235000,0,0,0,0,0,0,0,0,50,2,0,0,0,-0.3374,0,50
2026-05-12 19:23:39,192.168.1.100,172.20.10.5,0,replay,0.033,2,2,235000,0,0,0,0,0,0,0,0,50,2,0,0,0,-0.3451,0,50
2026-05-12 19:23:39,192.168.1.100,172.20.10.5,0,replay,0.031,2,2,235000,0,0,0,0,0,0,0,0,50,2,0,0,0,-0.3621,0,50
2026-05-12 19:23:39,192.168.1.100,172.20.10.5,0,replay,0.033,2,2,235000,0,0,0,0,0,0,0,0,50,2,0,0,0,-0.3413,0,50
2026-05-12 19:23:39,192.168.1.100,172.20.10.5,0,replay,0.035,2,2,235000,0,0,0,0,0,0,0,0,50,2,0,0,0,-0.3206,0,50
2026-05-12 19:23:39,192.168.1.100,172.20.10.5,0,replay,0.02,2,2,235000,0,0,0,0,0,0,0,0,50,2,0,0,0,-0.462,0,50
2026-05-12 19:23:40,192.168.1.100,172.20.10.5,0,replay,0.035,2,2,235000,0,0,0,0,0,0,0,0,50,2,0,0,0,-0.3161,0,50
2026-05-12 19:23:40,192.168.1.100,172.20.10.5,0,replay,0.062,2,2,235000,0,0,0,0,0,0,0,0,50,2,0,0,0,-0.0548,0,50
2026-05-12 19:23:40,192.168.1.100,172.20.10.5,0,replay,0.041,2,2,235000,0,0,0,0,0,0,0,0,50,2,0,0,0,-0.2575,0,50
2026-05-12 19:23:40,192.168.1.100,172.20.10.5,0,replay,0.054,2,2,235000,0,0,0,0,0,0,0,0,50,2,0,0,0,-0.1302,0,50
2026-05-12 19:23:40,192.168.1.100,172.20.10.5,0,replay,0.048,2,2,235000,0,0,0,0,0,0,0,0,50,2,0,0,0,-0.1881,0,50
2026-05-12 19:23:41,192.168.1.100,172.20.10.5,0,replay,0.05,2,2,235000,0,0,0,0,0,0,0,0,50,2,0,0,0,-0.1677,0,50
2026-05-12 19:23:41,192.168.1.100,172.20.10.5,0,replay,0.078,2,2,235000,0,0,0,0,0,0,0,0,50,2,0,0,0,0.1082,0,50
2026-05-12 19:23:41,192.168.1.100,172.20.10.5,0,replay,0.047,2,2,235000,0,0,0,0,0,0,0,0,50,2,0,0,0,-0.1982,0,50
2026-05-12 19:23:41,192.168.1.100,172.20.10.5,0,replay,0.08,2,2,235000,0,0,0,0,0,0,0,0,50,2,0,0,0,0.1297,0,50
2026-05-12 19:23:41,192.168.1.100,172.20.10.5,0,replay,0.043,2,2,235000,0,0,0,0,0,0,0,0,50,2,0,0,0,-0.239,0,50
2026-05-12 19:23:42,192.168.1.100,172.20.10.5,0,replay,0.024,2,2,235000,0,0,0,0,0,0,0,0,50,2,0,0,0,-0.4275,0,50
2026-05-12 19:23:42,192.168.1.100,172.20.10.5,0,replay,0.046,2,2,235000,0,0,0,0,0,0,0,0,50,2,0,0,0,-0.2053,0,50
2026-05-12 19:23:42,192.168.1.100,172.20.10.5,0,replay,3.068,2,2,235000,0,0,0,0,0,0,0,0,50,2,0,0,0,10.4482,0,50
2026-05-12 19:23:42,192.168.1.100,172.20.10.5,0,replay,0.058,2,2,235000,0,0,0,0,0,0,0,0,50,2,0,0,0,-0.113,0,50
2026-05-12 19:23:42,192.168.1.100,172.20.10.5,0,replay,0.043,2,2,235000,0,0,0,0,0,0,0,0,50,2,0,0,0,-0.1651,0,50
2026-05-12 19:23:43,192.168.1.100,172.20.10.5,0,replay,0.205,2,2,235000,0,0,0,0,0,0,0,0,50,2,0,0,0,0.4059,0,50
2026-05-12 19:23:43,192.168.1.100,172.20.10.5,0,replay,0.046,2,2,235000,0,0,0,0,0,0,0,0,50,2,0,0,0,-0.1576,0,50
2026-05-12 19:23:44,192.168.1.100,172.20.10.5,0,replay,0.075,2,2,235000,0,0,0,0,0,0,0,0,50,2,0,0,0,-0.0541,0,50
2026-05-12 19:23:44,192.168.1.100,172.20.10.5,0,replay,0.052,2,2,235000,0,0,0,0,0,0,0,0,50,2,0,0,0,-0.1358,0,50
2026-05-12 19:24:00,192.168.1.100,172.20.10.5,0,replay,0.208,2,2,235000,0,0,0,0,0,0,0,0,50,2,0,0,0,0.4221,0,50
2026-05-12 19:24:00,192.168.1.100,172.20.10.5,0,replay,0.03,2,2,235000,0,0,0,0,0,0,0,0,50,2,0,0,0,-0.2178,0,50
2026-05-12 19:24:01,192.168.1.100,172.20.10.5,0,replay,0.048,2,2,235000,0,0,0,0,0,0,0,0,50,2,0,0,0,-0.1522,0,50
2026-05-12 19:24:01,192.168.1.100,172.20.10.5,0,replay,0.052,2,2,235000,0,0,0,0,0,0,0,0,50,2,0,0,0,-0.1372,0,50
2026-05-12 19:24:01,192.168.1.100,172.20.10.5,0,replay,0.086,2,2,235000,0,0,0,0,0,0,0,0,50,2,0,0,0,-0.0134,0,50
2026-05-12 19:24:01,192.168.1.100,172.20.10.5,0,replay,0.023,2,2,235000,0,0,0,0,0,0,0,0,50,2,0,0,0,-0.2425,0,50
2026-05-12 19:24:01,192.168.1.100,172.20.10.5,0,replay,0.033,2,2,235000,0,0,0,0,0,0,0,0,50,2,0,0,0,-0.2051,0,50
2026-05-12 19:24:02,192.168.1.100,172.20.10.5,0,replay,0.059,2,2,235000,0,0,0,0,0,0,0,0,50,2,0,0,0,-0.1091,0,50
2026-05-12 19:24:02,192.168.1.100,172.20.10.5,0,replay,0.165,2,2,235000,0,0,0,0,0,0,0,0,50,2,0,0,0,0.2811,0,50
2026-05-12 19:24:02,192.168.1.100,172.20.10.5,0,replay,0.067,2,2,235000,0,0,0,0,0,0,0,0,50,2,0,0,0,-0.0816,0,50
2026-05-12 19:24:02,192.168.1.100,172.20.10.5,0,replay,0.152,2,2,235000,0,0,0,0,0,0,0,0,50,2,0,0,0,0.2335,0,50
2026-05-12 19:24:02,192.168.1.100,172.20.10.5,0,replay,0.02,2,2,235000,0,0,0,0,0,0,0,0,50,2,0,0,0,-0.2578,0,50
2026-05-12 19:24:03,192.168.1.100,172.20.10.5,0,replay,0.065,2,2,235000,0,0,0,0,0,0,0,0,50,2,0,0,0,-0.0891,0,50
2026-05-12 19:24:03,192.168.1.100,172.20.10.5,0,replay,0.059,2,2,235000,0,0,0,0,0,0,0,0,50,2,0,0,0,-0.1112,0,50
2026-05-12 19:24:03,192.168.1.100,172.20.10.5,0,replay,0.049,2,2,235000,0,0,0,0,0,0,0,0,50,2,0,0,0,-0.1484,0,50
2026-05-12 19:24:03,192.168.1.100,172.20.10.5,0,replay,0.05,2,2,235000,0,0,0,0,0,0,0,0,50,2,0,0,0,-0.1441,0,50
2026-05-12 19:24:03,192.168.1.100,172.20.10.5,0,replay,0.066,2,2,235000,0,0,0,0,0,0,0,0,50,2,0,0,0,-0.0831,0,50
2026-05-12 19:24:04,192.168.1.100,172.20.10.5,0,replay,0.181,2,2,235000,0,0,0,0,0,0,0,0,50,2,0,0,0,0.3531,0,50
2026-05-12 19:24:04,192.168.1.100,172.20.10.5,0,replay,0.063,2,2,235000,0,0,0,0,0,0,0,0,50,2,0,0,0,-0.0969,0,50
2026-05-12 19:24:04,192.168.1.100,172.20.10.5,0,replay,0.106,2,2,235000,0,0,0,0,0,0,0,0,50,2,0,0,0,0.0675,0,50
2026-05-12 19:24:04,192.168.1.100,172.20.10.5,0,replay,0.157,2,2,235000,0,0,0,0,0,0,0,0,50,2,0,0,0,0.2625,0,50
2026-05-12 19:24:04,192.168.1.100,172.20.10.5,0,replay,0.063,2,2,235000,0,0,0,0,0,0,0,0,50,2,0,0,0,-0.0994,0,50
2026-05-12 19:24:04,192.168.1.100,172.20.10.5,0,replay,0.05,2,2,235000,0,0,0,0,0,0,0,0,50,2,0,0,0,-0.1491,0,50
2026-05-12 19:24:05,192.168.1.100,172.20.10.5,0,replay,0.036,2,2,235000,0,0,0,0,0,0,0,0,50,2,0,0,0,-0.2028,0,50
2026-05-12 19:24:05,192.168.1.100,172.20.10.5,0,replay,0.062,2,2,235000,0,0,0,0,0,0,0,0,50,2,0,0,0,-0.1013,0,50
2026-05-12 19:24:05,192.168.1.100,172.20.10.5,0,replay,0.031,2,2,235000,0,0,0,0,0,0,0,0,50,2,0,0,0,-0.2215,0,50
2026-05-12 19:24:05,192.168.1.100,172.20.10.5,0,replay,0.046,2,2,235000,0,0,0,0,0,0,0,0,50,2,0,0,0,-0.1623,0,50
2026-05-12 19:24:05,192.168.1.100,172.20.10.5,0,replay,0.068,2,2,235000,0,0,0,0,0,0,0,0,50,2,0,0,0,-0.0756,0,50
2026-05-12 19:24:06,192.168.1.100,172.20.10.5,0,replay,0.045,2,2,235000,0,0,0,0,0,0,0,0,50,2,0,0,0,-0.1657,0,50
2026-05-12 19:24:06,192.168.1.100,172.20.10.5,0,replay,0.043,2,2,235000,0,0,0,0,0,0,0,0,50,2,0,0,0,-0.173,0,50
2026-05-12 19:24:06,192.168.1.100,172.20.10.5,0,replay,0.067,2,2,235000,0,0,0,0,0,0,0,0,50,2,0,0,0,-0.0777,0,50
2026-05-12 19:24:06,192.168.1.100,172.20.10.5,0,replay,0.091,2,2,235000,0,0,0,0,0,0,0,0,50,2,0,0,0,0.0177,0,50
2026-05-12 19:24:06,192.168.1.100,172.20.10.5,0,replay,0.023,2,2,235000,0,0,0,0,0,0,0,0,50,2,0,0,0,-0.2527,0,50
2026-05-12 19:24:07,192.168.1.100,172.20.10.5,0,replay,0.027,2,2,235000,0,0,0,0,0,0,0,0,50,2,0,0,0,-0.2359,0,50
2026-05-12 19:24:07,192.168.1.100,172.20.10.5,0,replay,0.097,2,2,235000,0,0,0,0,0,0,0,0,50,2,0,0,0,0.0447,0,50
2026-05-12 19:24:07,192.168.1.100,172.20.10.5,0,replay,0.042,2,2,235000,0,0,0,0,0,0,0,0,50,2,0,0,0,-0.176,0,50
2026-05-12 19:24:07,192.168.1.100,172.20.10.5,0,replay,0.059,2,2,235000,0,0,0,0,0,0,0,0,50,2,0,0,0,-0.1071,0,50
2026-05-12 19:24:07,192.168.1.100,172.20.10.5,0,replay,0.083,2,2,235000,0,0,0,0,0,0,0,0,50,2,0,0,0,-0.01,0,50
2026-05-12 19:24:08,192.168.1.100,172.20.10.5,0,replay,0.08,2,2,235000,0,0,0,0,0,0,0,0,50,2,0,0,0,-0.0221,0,50
2026-05-12 19:24:08,192.168.1.100,172.20.10.5,0,replay,0.09,2,2,235000,0,0,0,0,0,0,0,0,50,2,0,0,0,0.0186,0,50
2026-05-12 19:24:08,192.168.1.100,172.20.10.5,0,replay,0.086,2,2,235000,0,0,0,0,0,0,0,0,50,2,0,0,0,0.0022,0,50
2026-05-12 19:24:08,192.168.1.100,172.20.10.5,0,replay,0.033,2,2,235000,0,0,0,0,0,0,0,0,50,2,0,0,0,-0.2141,0,50
2026-05-12 19:24:08,192.168.1.100,172.20.10.5,0,replay,0.085,2,2,235000,0,0,0,0,0,0,0,0,50,2,0,0,0,-0.0006,0,50
2026-05-12 19:24:09,192.168.1.100,172.20.10.5,0,replay,0.062,2,2,235000,0,0,0,0,0,0,0,0,50,2,0,0,0,-0.095,0,50
2026-05-12 19:24:09,192.168.1.100,172.20.10.5,0,replay,0.028,2,2,235000,0,0,0,0,0,0,0,0,50,2,0,0,0,-0.2347,0,50
2026-05-12 19:24:09,192.168.1.100,172.20.10.5,0,replay,0.102,2,2,235000,0,0,0,0,0,0,0,0,50,2,0,0,0,0.0714,0,50
2026-05-12 19:24:09,192.168.1.100,172.20.10.5,0,replay,0.096,2,2,235000,0,0,0,0,0,0,0,0,50,2,0,0,0,0.0464,0,50
2026-05-12 19:24:10,192.168.1.100,172.20.10.5,0,replay,0.045,2,2,235000,0,0,0,0,0,0,0,0,50,2,0,0,0,-0.1655,0,50
2026-05-12 19:24:10,192.168.1.100,172.20.10.5,0,replay,0.153,2,2,235000,0,0,0,0,0,0,0,0,50,2,0,0,0,0.2846,0,50
2026-05-12 19:24:10,192.168.1.100,172.20.10.5,0,replay,0.046,2,2,235000,0,0,0,0,0,0,0,0,50,2,0,0,0,-0.1628,0,50
2026-05-12 19:24:10,192.168.1.100,172.20.10.5,0,replay,0.051,2,2,235000,0,0,0,0,0,0,0,0,50,2,0,0,0,-0.1414,0,50
2026-05-12 19:24:11,192.168.1.100,172.20.10.5,0,replay,0.051,2,2,235000,0,0,0,0,0,0,0,0,50,2,0,0,0,-0.141,0,50
2026-05-12 19:24:11,192.168.1.100,172.20.10.5,0,replay,0.092,2,2,235000,0,0,0,0,0,0,0,0,50,2,0,0,0,0.0319,0,50
2026-05-12 19:24:11,192.168.1.100,172.20.10.5,0,replay,0.024,2,2,235000,0,0,0,0,0,0,0,0,50,2,0,0,0,-0.2551,0,50
2026-05-12 19:24:11,192.168.1.100,172.20.10.5,0,replay,0.078,2,2,235000,0,0,0,0,0,0,0,0,50,2,0,0,0,-0.026,0,50
2026-05-12 19:24:11,192.168.1.100,172.20.10.5,0,replay,0.031,2,2,235000,0,0,0,0,0,0,0,0,50,2,0,0,0,-0.2252,0,50
2026-05-12 19:24:12,192.168.1.100,172.20.10.5,0,replay,0.061,2,2,235000,0,0,0,0,0,0,0,0,50,2,0,0,0,-0.0971,0,50
2026-05-12 19:24:12,192.168.1.100,172.20.10.5,0,replay,0.04,2,2,235000,0,0,0,0,0,0,0,0,50,2,0,0,0,-0.1863,0,50
2026-05-12 19:24:12,192.168.1.100,172.20.10.5,0,replay,0.043,2,2,235000,0,0,0,0,0,0,0,0,50,2,0,0,0,-0.173,0,50
2026-05-12 19:24:12,192.168.1.100,172.20.10.5,0,replay,0.04,2,2,235000,0,0,0,0,0,0,0,0,50,2,0,0,0,-0.1854,0,50
2026-05-12 19:24:12,192.168.1.100,172.20.10.5,0,replay,0.059,2,2,235000,0,0,0,0,0,0,0,0,50,2,0,0,0,-0.1033,0,50
2026-05-12 19:24:13,192.168.1.100,172.20.10.5,0,replay,0.03,2,2,235000,0,0,0,0,0,0,0,0,50,2,0,0,0,-0.2279,0,50
2026-05-12 19:24:13,192.168.1.100,172.20.10.5,0,replay,0.057,2,2,235000,0,0,0,0,0,0,0,0,50,2,0,0,0,-0.1107,0,50
2026-05-12 19:24:13,192.168.1.100,172.20.10.5,0,replay,0.103,2,2,235000,0,0,0,0,0,0,0,0,50,2,0,0,0,0.0888,0,50
2026-05-12 19:24:13,192.168.1.100,172.20.10.5,0,replay,0.088,2,2,235000,0,0,0,0,0,0,0,0,50,2,0,0,0,0.0234,0,50
2026-05-12 19:24:13,192.168.1.100,172.20.10.5,0,replay,0.051,2,2,235000,0,0,0,0,0,0,0,0,50,2,0,0,0,-0.1377,0,50
2026-05-12 19:24:14,192.168.1.100,172.20.10.5,0,replay,0.04,2,2,235000,0,0,0,0,0,0,0,0,50,2,0,0,0,-0.1853,0,50
2026-05-12 19:24:14,192.168.1.100,172.20.10.5,0,replay,0.024,2,2,235000,0,0,0,0,0,0,0,0,50,2,0,0,0,-0.2548,0,50
2026-05-12 19:24:14,192.168.1.100,172.20.10.5,0,replay,0.042,2,2,235000,0,0,0,0,0,0,0,0,50,2,0,0,0,-0.1752,0,50
2026-05-12 19:24:14,192.168.1.100,172.20.10.5,0,replay,0.07,2,2,235000,0,0,0,0,0,0,0,0,50,2,0,0,0,-0.0517,0,50
2026-05-12 19:24:14,192.168.1.100,172.20.10.5,0,replay,0.022,2,2,235000,0,0,0,0,0,0,0,0,50,2,0,0,0,-0.263,0,50
2026-05-12 19:24:14,192.168.1.100,172.20.10.5,0,replay,0.042,2,2,235000,0,0,0,0,0,0,0,0,50,2,0,0,0,-0.174,0,50
2026-05-12 19:24:15,192.168.1.100,172.20.10.5,0,replay,0.024,2,2,235000,0,0,0,0,0,0,0,0,50,2,0,0,0,-0.2532,0,50
2026-05-12 19:25:14,192.168.1.100,172.20.10.5,0,replay,0.026,2,2,235000,0,0,0,0,0,0,0,0,50,2,0,0,0,-0.2437,0,50
2026-05-12 19:25:15,192.168.1.100,172.20.10.5,0,replay,0.031,2,2,235000,0,0,0,0,0,0,0,0,50,2,0,0,0,-0.2209,0,50
2026-05-12 19:25:15,192.168.1.100,172.20.10.5,0,replay,0.029,2,2,235000,0,0,0,0,0,0,0,0,50,2,0,0,0,-0.2292,0,50
2026-05-12 19:25:15,192.168.1.100,172.20.10.5,0,replay,0.051,2,2,235000,0,0,0,0,0,0,0,0,50,2,0,0,0,-0.1304,0,50
2026-05-12 19:25:15,192.168.1.100,172.20.10.5,0,replay,0.041,2,2,235000,0,0,0,0,0,0,0,0,50,2,0,0,0,-0.1748,0,50
2026-05-12 19:25:15,192.168.1.100,172.20.10.5,0,replay,0.026,2,2,235000,0,0,0,0,0,0,0,0,50,2,0,0,0,-0.2417,0,50
2026-05-12 19:25:16,192.168.1.100,172.20.10.5,0,replay,0.249,2,2,235000,0,0,0,0,0,0,0,0,50,2,0,0,0,0.7611,0,50
2026-05-12 19:25:16,192.168.1.100,172.20.10.5,0,replay,0.059,2,2,235000,0,0,0,0,0,0,0,0,50,2,0,0,0,-0.0964,0,50
2026-05-12 19:25:16,192.168.1.100,172.20.10.5,0,replay,0.144,2,2,235000,0,0,0,0,0,0,0,0,50,2,0,0,0,0.2875,0,50
2026-05-12 19:25:16,192.168.1.100,172.20.10.5,0,replay,0.043,2,2,235000,0,0,0,0,0,0,0,0,50,2,0,0,0,-0.1701,0,50
2026-05-12 19:25:16,192.168.1.100,172.20.10.5,0,replay,0.041,2,2,235000,0,0,0,0,0,0,0,0,50,2,0,0,0,-0.1787,0,50
2026-05-12 19:25:17,192.168.1.100,172.20.10.5,0,replay,0.044,2,2,235000,0,0,0,0,0,0,0,0,50,2,0,0,0,-0.1647,0,50
2026-05-12 19:25:17,192.168.1.100,172.20.10.5,0,replay,0.036,2,2,235000,0,0,0,0,0,0,0,0,50,2,0,0,0,-0.2007,0,50
2026-05-12 19:25:17,192.168.1.100,172.20.10.5,0,replay,0.069,2,2,235000,0,0,0,0,0,0,0,0,50,2,0,0,0,-0.0496,0,50
2026-05-12 19:25:17,192.168.1.100,172.20.10.5,0,replay,0.057,2,2,235000,0,0,0,0,0,0,0,0,50,2,0,0,0,-0.1044,0,50
2026-05-12 19:25:17,192.168.1.100,172.20.10.5,0,replay,0.046,2,2,235000,0,0,0,0,0,0,0,0,50,2,0,0,0,-0.1546,0,50
2026-05-12 19:25:25,192.168.1.100,172.20.10.5,0,replay,0.031,2,2,235000,0,0,0,0,0,0,0,0,50,2,0,0,0,-0.2232,0,50
2026-05-12 19:25:25,192.168.1.100,172.20.10.5,0,replay,0.034,2,2,235000,0,0,0,0,0,0,0,0,50,2,0,0,0,-0.2088,0,50
2026-05-12 19:25:25,192.168.1.100,172.20.10.5,0,replay,0.036,2,2,235000,0,0,0,0,0,0,0,0,50,2,0,0,0,-0.1991,0,50
2026-05-12 19:25:25,192.168.1.100,172.20.10.5,0,replay,0.021,2,2,235000,0,0,0,0,0,0,0,0,50,2,0,0,0,-0.268,0,50
2026-05-12 19:25:26,192.168.1.100,172.20.10.5,0,replay,0.034,2,2,235000,0,0,0,0,0,0,0,0,50,2,0,0,0,-0.2071,0,50
2026-05-12 19:25:26,192.168.1.100,172.20.10.5,0,replay,0.047,2,2,235000,0,0,0,0,0,0,0,0,50,2,0,0,0,-0.1463,0,50
2026-05-12 19:25:26,192.168.1.100,172.20.10.5,0,replay,0.038,2,2,235000,0,0,0,0,0,0,0,0,50,2,0,0,0,-0.1878,0,50
2026-05-12 19:25:26,192.168.1.100,172.20.10.5,0,replay,0.034,2,2,235000,0,0,0,0,0,0,0,0,50,2,0,0,0,-0.2061,0,50
2026-05-12 19:25:26,192.168.1.100,172.20.10.5,0,replay,0.035,2,2,235000,0,0,0,0,0,0,0,0,50,2,0,0,0,-0.2009,0,50
2026-05-12 19:25:27,192.168.1.100,172.20.10.5,0,replay,0.031,2,2,235000,0,0,0,0,0,0,0,0,50,2,0,0,0,-0.2192,0,50
2026-05-12 19:25:27,192.168.1.100,172.20.10.5,0,replay,0.081,2,2,235000,0,0,0,0,0,0,0,0,50,2,0,0,0,0.016,0,50
2026-05-12 19:25:27,192.168.1.100,172.20.10.5,0,replay,0.046,2,2,235000,0,0,0,0,0,0,0,0,50,2,0,0,0,-0.1487,0,50
2026-05-12 19:25:27,192.168.1.100,172.20.10.5,0,replay,0.091,2,2,235000,0,0,0,0,0,0,0,0,50,2,0,0,0,0.0638,0,50
2026-05-12 19:25:27,192.168.1.100,172.20.10.5,0,replay,0.026,2,2,235000,0,0,0,0,0,0,0,0,50,2,0,0,0,-0.2435,0,50
2026-05-12 19:25:27,192.168.1.100,172.20.10.5,0,replay,0.043,2,2,235000,0,0,0,0,0,0,0,0,50,2,0,0,0,-0.1624,0,50
2026-05-12 19:25:28,192.168.1.100,172.20.10.5,0,replay,0.085,2,2,235000,0,0,0,0,0,0,0,0,50,2,0,0,0,0.0372,0,50
2026-05-12 19:25:28,192.168.1.100,172.20.10.5,0,replay,0.038,2,2,235000,0,0,0,0,0,0,0,0,50,2,0,0,0,-0.1863,0,50
2026-05-12 19:25:28,192.168.1.100,172.20.10.5,0,replay,0.101,2,2,235000,0,0,0,0,0,0,0,0,50,2,0,0,0,0.1143,0,50
2026-05-12 19:25:28,192.168.1.100,172.20.10.5,0,replay,0.039,2,2,235000,0,0,0,0,0,0,0,0,50,2,0,0,0,-0.182,0,50
2026-05-12 19:25:28,192.168.1.100,172.20.10.5,0,replay,0.034,2,2,235000,0,0,0,0,0,0,0,0,50,2,0,0,0,-0.2056,0,50
2026-05-12 19:25:29,192.168.1.100,172.20.10.5,0,replay,0.031,2,2,235000,0,0,0,0,0,0,0,0,50,2,0,0,0,-0.2195,0,50
2026-05-12 19:25:29,192.168.1.100,172.20.10.5,0,replay,0.038,2,2,235000,0,0,0,0,0,0,0,0,50,2,0,0,0,-0.1854,0,50
2026-05-12 19:25:29,192.168.1.100,172.20.10.5,0,replay,0.041,2,2,235000,0,0,0,0,0,0,0,0,50,2,0,0,0,-0.1706,0,50
2026-05-12 19:25:29,192.168.1.100,172.20.10.5,0,replay,0.135,2,2,235000,0,0,0,0,0,0,0,0,50,2,0,0,0,0.2832,0,50
2026-05-12 19:25:29,192.168.1.100,172.20.10.5,0,replay,0.033,2,2,235000,0,0,0,0,0,0,0,0,50,2,0,0,0,-0.2103,0,50
2026-05-12 19:25:30,192.168.1.100,172.20.10.5,0,replay,0.037,2,2,235000,0,0,0,0,0,0,0,0,50,2,0,0,0,-0.1905,0,50
2026-05-12 19:25:30,192.168.1.100,172.20.10.5,0,replay,0.044,2,2,235000,0,0,0,0,0,0,0,0,50,2,0,0,0,-0.1562,0,50
2026-05-12 19:25:30,192.168.1.100,172.20.10.5,0,replay,0.022,2,2,235000,0,0,0,0,0,0,0,0,50,2,0,0,0,-0.2628,0,50
2026-05-12 19:25:30,192.168.1.100,172.20.10.5,0,replay,0.032,2,2,235000,0,0,0,0,0,0,0,0,50,2,0,0,0,-0.2135,0,50
2026-05-12 19:25:30,192.168.1.100,172.20.10.5,0,replay,0.043,2,2,235000,0,0,0,0,0,0,0,0,50,2,0,0,0,-0.1594,0,50
2026-05-12 19:25:31,192.168.1.100,172.20.10.5,0,replay,0.042,2,2,235000,0,0,0,0,0,0,0,0,50,2,0,0,0,-0.164,0,50
2026-05-12 19:25:31,192.168.1.100,172.20.10.5,0,replay,0.055,2,2,235000,0,0,0,0,0,0,0,0,50,2,0,0,0,-0.1,0,50
2026-05-12 19:25:31,192.168.1.100,172.20.10.5,0,replay,0.04,2,2,235000,0,0,0,0,0,0,0,0,50,2,0,0,0,-0.1734,0,50
2026-05-12 19:25:31,192.168.1.100,172.20.10.5,0,replay,0.049,2,2,235000,0,0,0,0,0,0,0,0,50,2,0,0,0,-0.1288,0,50
2026-05-12 19:25:31,192.168.1.100,172.20.10.5,0,replay,0.04,2,2,235000,0,0,0,0,0,0,0,0,50,2,0,0,0,-0.1729,0,50
2026-05-12 19:25:32,192.168.1.100,172.20.10.5,0,replay,0.044,2,2,235000,0,0,0,0,0,0,0,0,50,2,0,0,0,-0.1528,0,50
2026-05-12 19:25:32,192.168.1.100,172.20.10.5,0,replay,0.034,2,2,235000,0,0,0,0,0,0,0,0,50,2,0,0,0,-0.2019,0,50
2026-05-12 19:25:32,192.168.1.100,172.20.10.5,0,replay,0.066,2,2,235000,0,0,0,0,0,0,0,0,50,2,0,0,0,-0.0429,0,50
2026-05-12 19:25:32,192.168.1.100,172.20.10.5,0,replay,0.025,2,2,235000,0,0,0,0,0,0,0,0,50,2,0,0,0,-0.2464,0,50
2026-05-12 19:25:32,192.168.1.100,172.20.10.5,0,replay,0.033,2,2,235000,0,0,0,0,0,0,0,0,50,2,0,0,0,-0.2061,0,50
2026-05-12 19:25:33,192.168.1.100,172.20.10.5,0,replay,0.319,2,2,235000,0,0,0,0,0,0,0,0,50,2,0,0,0,1.2162,0,50
2026-05-12 19:25:33,192.168.1.100,172.20.10.5,0,replay,0.081,2,2,235000,0,0,0,0,0,0,0,0,50,2,0,0,0,0.0288,0,50
2026-05-12 19:25:34,192.168.1.100,172.20.10.5,0,replay,0.026,2,2,235000,0,0,0,0,0,0,0,0,50,2,0,0,0,-0.2456,0,50
2026-05-12 19:25:34,192.168.1.100,172.20.10.5,0,replay,0.029,2,2,235000,0,0,0,0,0,0,0,0,50,2,0,0,0,-0.2301,0,50
2026-05-12 19:25:34,192.168.1.100,172.20.10.5,0,replay,0.039,2,2,235000,0,0,0,0,0,0,0,0,50,2,0,0,0,-0.1796,0,50
2026-05-12 19:25:34,192.168.1.100,172.20.10.5,0,replay,0.029,2,2,235000,0,0,0,0,0,0,0,0,50,2,0,0,0,-0.2294,0,50
2026-05-12 19:25:35,192.168.1.100,172.20.10.5,0,replay,0.062,2,2,235000,0,0,0,0,0,0,0,0,50,2,0,0,0,-0.0632,0,50
2026-05-12 19:25:35,192.168.1.100,172.20.10.5,0,replay,0.051,2,2,235000,0,0,0,0,0,0,0,0,50,2,0,0,0,-0.1184,0,50
2026-05-12 19:25:35,192.168.1.100,172.20.10.5,0,replay,0.105,2,2,235000,0,0,0,0,0,0,0,0,50,2,0,0,0,0.1542,0,50
2026-05-12 19:25:35,192.168.1.100,172.20.10.5,0,replay,0.055,2,2,235000,0,0,0,0,0,0,0,0,50,2,0,0,0,-0.0988,0,50
2026-05-12 19:25:36,192.168.1.100,172.20.10.5,0,replay,0.038,2,2,235000,0,0,0,0,0,0,0,0,50,2,0,0,0,-0.1846,0,50
2026-05-12 19:25:36,192.168.1.100,172.20.10.5,0,replay,0.108,2,2,235000,0,0,0,0,0,0,0,0,50,2,0,0,0,0.1707,0,50
2026-05-12 19:25:36,192.168.1.100,172.20.10.5,0,replay,0.028,2,2,235000,0,0,0,0,0,0,0,0,50,2,0,0,0,-0.236,0,50
2026-05-12 19:25:36,192.168.1.100,172.20.10.5,0,replay,0.062,2,2,235000,0,0,0,0,0,0,0,0,50,2,0,0,0,-0.0626,0,50
2026-05-12 19:25:36,192.168.1.100,172.20.10.5,0,replay,0.107,2,2,235000,0,0,0,0,0,0,0,0,50,2,0,0,0,0.167,0,50
2026-05-12 19:25:37,192.168.1.100,172.20.10.5,0,replay,0.042,2,2,235000,0,0,0,0,0,0,0,0,50,2,0,0,0,-0.1653,0,50
2026-05-12 19:25:37,192.168.1.100,172.20.10.5,0,replay,0.337,2,2,235000,0,0,0,0,0,0,0,0,50,2,0,0,0,1.3401,0,50
2026-05-12 19:25:37,192.168.1.100,172.20.10.5,0,replay,0.026,2,2,235000,0,0,0,0,0,0,0,0,50,2,0,0,0,-0.2514,0,50
2026-05-12 19:25:37,192.168.1.100,172.20.10.5,0,replay,0.043,2,2,235000,0,0,0,0,0,0,0,0,50,2,0,0,0,-0.1639,0,50
2026-05-12 19:25:37,192.168.1.100,172.20.10.5,0,replay,0.059,2,2,235000,0,0,0,0,0,0,0,0,50,2,0,0,0,-0.0816,0,50
2026-05-12 19:25:38,192.168.1.100,172.20.10.5,0,replay,0.033,2,2,235000,0,0,0,0,0,0,0,0,50,2,0,0,0,-0.2149,0,50
2026-05-12 19:25:38,192.168.1.100,172.20.10.5,0,replay,0.062,2,2,235000,0,0,0,0,0,0,0,0,50,2,0,0,0,-0.0653,0,50
2026-05-12 19:25:38,192.168.1.100,172.20.10.5,0,replay,0.044,2,2,235000,0,0,0,0,0,0,0,0,50,2,0,0,0,-0.158,0,50
2026-05-12 19:25:38,192.168.1.100,172.20.10.5,0,replay,0.036,2,2,235000,0,0,0,0,0,0,0,0,50,2,0,0,0,-0.199,0,50
2026-05-12 19:25:39,192.168.1.100,172.20.10.5,0,replay,0.104,2,2,235000,0,0,0,0,0,0,0,0,50,2,0,0,0,0.153,0,50
2026-05-12 19:25:39,192.168.1.100,172.20.10.5,0,replay,0.086,2,2,235000,0,0,0,0,0,0,0,0,50,2,0,0,0,0.0595,0,50
2026-05-12 19:25:39,192.168.1.100,172.20.10.5,0,replay,0.043,2,2,235000,0,0,0,0,0,0,0,0,50,2,0,0,0,-0.1638,0,50
2026-05-12 19:25:39,192.168.1.100,172.20.10.5,0,replay,0.042,2,2,235000,0,0,0,0,0,0,0,0,50,2,0,0,0,-0.1687,0,50
2026-05-12 19:25:40,192.168.1.100,172.20.10.5,0,replay,0.03,2,2,235000,0,0,0,0,0,0,0,0,50,2,0,0,0,-0.2309,0,50
2026-05-12 19:25:40,192.168.1.100,172.20.10.5,0,replay,0.057,2,2,235000,0,0,0,0,0,0,0,0,50,2,0,0,0,-0.0896,0,50
2026-05-12 19:25:40,192.168.1.100,172.20.10.5,0,replay,0.157,2,2,235000,0,0,0,0,0,0,0,0,50,2,0,0,0,0.4329,0,50
2026-05-12 19:25:40,192.168.1.100,172.20.10.5,0,replay,0.054,2,2,235000,0,0,0,0,0,0,0,0,50,2,0,0,0,-0.1068,0,50
2026-05-12 19:25:41,192.168.1.100,172.20.10.5,0,replay,0.03,2,2,235000,0,0,0,0,0,0,0,0,50,2,0,0,0,-0.2324,0,50
2026-05-12 19:25:41,192.168.1.100,172.20.10.5,0,replay,0.035,2,2,235000,0,0,0,0,0,0,0,0,50,2,0,0,0,-0.2057,0,50
2026-05-12 19:25:42,192.168.1.100,172.20.10.5,0,replay,0.03,2,2,235000,0,0,0,0,0,0,0,0,50,2,0,0,0,-0.2316,0,50
2026-05-12 19:25:58,192.168.1.100,172.20.10.5,0,replay,0.123,2,2,235000,0,0,0,0,0,0,0,0,50,2,0,0,0,0.2586,0,50
2026-05-12 19:25:58,192.168.1.100,172.20.10.5,0,replay,0.021,2,2,235000,0,0,0,0,0,0,0,0,50,2,0,0,0,-0.2799,0,50
2026-05-12 19:25:58,192.168.1.100,172.20.10.5,0,replay,0.038,2,2,235000,0,0,0,0,0,0,0,0,50,2,0,0,0,-0.1896,0,50
2026-05-12 19:25:59,192.168.1.100,172.20.10.5,0,replay,0.023,2,2,235000,0,0,0,0,0,0,0,0,50,2,0,0,0,-0.2686,0,50
2026-05-12 19:25:59,192.168.1.100,172.20.10.5,0,replay,0.021,2,2,235000,0,0,0,0,0,0,0,0,50,2,0,0,0,-0.2788,0,50
2026-05-12 19:25:59,192.168.1.100,172.20.10.5,0,replay,0.026,2,2,235000,0,0,0,0,0,0,0,0,50,2,0,0,0,-0.2517,0,50
2026-05-12 19:25:59,192.168.1.100,172.20.10.5,0,replay,0.037,2,2,235000,0,0,0,0,0,0,0,0,50,2,0,0,0,-0.1928,0,50
2026-05-12 19:25:59,192.168.1.100,172.20.10.5,0,replay,0.029,2,2,235000,0,0,0,0,0,0,0,0,50,2,0,0,0,-0.2351,0,50
2026-05-12 19:26:00,192.168.1.100,172.20.10.5,0,replay,0.085,2,2,235000,0,0,0,0,0,0,0,0,50,2,0,0,0,0.064,0,50
2026-05-12 19:26:00,192.168.1.100,172.20.10.5,0,replay,0.022,2,2,235000,0,0,0,0,0,0,0,0,50,2,0,0,0,-0.2727,0,50
2026-05-12 19:26:00,192.168.1.100,172.20.10.5,0,replay,0.028,2,2,235000,0,0,0,0,0,0,0,0,50,2,0,0,0,-0.2401,0,50
2026-05-12 19:26:00,192.168.1.100,172.20.10.5,0,replay,0.062,2,2,235000,0,0,0,0,0,0,0,0,50,2,0,0,0,-0.0575,0,50
2026-05-12 19:26:00,192.168.1.100,172.20.10.5,0,replay,0.083,2,2,235000,0,0,0,0,0,0,0,0,50,2,0,0,0,0.0553,0,50
2026-05-12 19:26:01,192.168.1.100,172.20.10.5,0,replay,0.08,2,2,235000,0,0,0,0,0,0,0,0,50,2,0,0,0,0.0391,0,50
2026-05-12 19:26:01,192.168.1.100,172.20.10.5,0,replay,0.057,2,2,235000,0,0,0,0,0,0,0,0,50,2,0,0,0,-0.0848,0,50
2026-05-12 19:26:01,192.168.1.100,172.20.10.5,0,replay,0.031,2,2,235000,0,0,0,0,0,0,0,0,50,2,0,0,0,-0.2249,0,50
2026-05-12 19:26:01,192.168.1.100,172.20.10.5,0,replay,0.171,2,2,235000,0,0,0,0,0,0,0,0,50,2,0,0,0,0.5315,0,50
2026-05-12 19:26:02,192.168.1.100,172.20.10.5,0,replay,0.096,2,2,235000,0,0,0,0,0,0,0,0,50,2,0,0,0,0.1251,0,50
2026-05-12 19:26:02,192.168.1.100,172.20.10.5,0,replay,0.083,2,2,235000,0,0,0,0,0,0,0,0,50,2,0,0,0,0.0544,0,50
2026-05-12 19:26:02,192.168.1.100,172.20.10.5,0,replay,0.052,2,2,235000,0,0,0,0,0,0,0,0,50,2,0,0,0,-0.1139,0,50
2026-05-12 19:26:02,192.168.1.100,172.20.10.5,0,replay,0.065,2,2,235000,0,0,0,0,0,0,0,0,50,2,0,0,0,-0.043,0,50
2026-05-12 19:29:19,192.168.1.100,172.20.10.5,0,replay,0.046,2,2,235000,0,0,0,0,0,0,0,0,50,2,0,0,0,-0.1464,0,50
2026-05-12 19:29:19,192.168.1.100,172.20.10.5,0,replay,0.026,2,2,235000,0,0,0,0,0,0,0,0,50,2,0,0,0,-0.2551,0,50
2026-05-12 19:29:19,192.168.1.100,172.20.10.5,0,replay,0.028,2,2,235000,0,0,0,0,0,0,0,0,50,2,0,0,0,-0.2438,0,50
2026-05-12 19:29:19,192.168.1.100,172.20.10.5,0,replay,0.021,2,2,235000,0,0,0,0,0,0,0,0,50,2,0,0,0,-0.2817,0,50
2026-05-12 19:29:20,192.168.1.100,172.20.10.5,0,replay,0.038,2,2,235000,0,0,0,0,0,0,0,0,50,2,0,0,0,-0.1881,0,50
2026-05-12 19:29:20,192.168.1.100,172.20.10.5,0,replay,0.037,2,2,235000,0,0,0,0,0,0,0,0,50,2,0,0,0,-0.1933,0,50
2026-05-12 19:29:20,192.168.1.100,172.20.10.5,0,replay,0.031,2,2,235000,0,0,0,0,0,0,0,0,50,2,0,0,0,-0.2259,0,50
2026-05-12 19:29:20,192.168.1.100,172.20.10.5,0,replay,0.08,2,2,235000,0,0,0,0,0,0,0,0,50,2,0,0,0,0.0439,0,50
2026-05-12 19:29:20,192.168.1.100,172.20.10.5,0,replay,0.028,2,2,235000,0,0,0,0,0,0,0,0,50,2,0,0,0,-0.2426,0,50
2026-05-12 19:29:21,192.168.1.100,172.20.10.5,0,replay,0.061,2,2,235000,0,0,0,0,0,0,0,0,50,2,0,0,0,-0.0602,0,50
2026-05-12 19:29:21,192.168.1.100,172.20.10.5,0,replay,0.027,2,2,235000,0,0,0,0,0,0,0,0,50,2,0,0,0,-0.2479,0,50
2026-05-12 19:29:21,192.168.1.100,172.20.10.5,0,replay,0.684,2,2,235000,0,0,0,0,0,0,0,0,50,2,0,0,0,3.3298,0,50
2026-05-12 19:29:21,192.168.1.100,172.20.10.5,0,replay,0.039,2,2,235000,0,0,0,0,0,0,0,0,50,2,0,0,0,-0.1885,0,50
2026-05-12 19:29:21,192.168.1.100,172.20.10.5,0,replay,0.029,2,2,235000,0,0,0,0,0,0,0,0,50,2,0,0,0,-0.2427,0,50
2026-05-12 19:29:22,192.168.1.100,172.20.10.5,0,replay,0.053,2,2,235000,0,0,0,0,0,0,0,0,50,2,0,0,0,-0.1112,0,50
2026-05-12 19:29:22,192.168.1.100,172.20.10.5,0,replay,0.027,2,2,235000,0,0,0,0,0,0,0,0,50,2,0,0,0,-0.2533,0,50
2026-05-12 19:29:22,192.168.1.100,172.20.10.5,0,replay,0.039,2,2,235000,0,0,0,0,0,0,0,0,50,2,0,0,0,-0.1871,0,50
2026-05-12 19:29:22,192.168.1.100,172.20.10.5,0,replay,0.031,2,2,235000,0,0,0,0,0,0,0,0,50,2,0,0,0,-0.2307,0,50
2026-05-12 19:29:23,192.168.1.100,172.20.10.5,0,replay,0.027,2,2,235000,0,0,0,0,0,0,0,0,50,2,0,0,0,-0.2523,0,50
2026-05-12 19:29:23,192.168.1.100,172.20.10.5,0,replay,0.028,2,2,235000,0,0,0,0,0,0,0,0,50,2,0,0,0,-0.2464,0,50
2026-05-12 19:29:23,192.168.1.100,172.20.10.5,0,replay,0.028,2,2,235000,0,0,0,0,0,0,0,0,50,2,0,0,0,-0.246,0,50
2026-05-12 19:29:23,192.168.1.100,172.20.10.5,0,replay,0.036,2,2,235000,0,0,0,0,0,0,0,0,50,2,0,0,0,-0.2015,0,50
2026-05-12 19:29:23,192.168.1.100,172.20.10.5,0,replay,0.023,2,2,235000,0,0,0,0,0,0,0,0,50,2,0,0,0,-0.273,0,50
2026-05-12 19:29:24,192.168.1.100,172.20.10.5,0,replay,0.031,2,2,235000,0,0,0,0,0,0,0,0,50,2,0,0,0,-0.2284,0,50
2026-05-12 19:29:24,192.168.1.100,172.20.10.5,0,replay,0.029,2,2,235000,0,0,0,0,0,0,0,0,50,2,0,0,0,-0.2391,0,50
2026-05-12 19:29:24,192.168.1.100,172.20.10.5,0,replay,0.03,2,2,235000,0,0,0,0,0,0,0,0,50,2,0,0,0,-0.2332,0,50
2026-05-12 19:29:24,192.168.1.100,172.20.10.5,0,replay,0.034,2,2,235000,0,0,0,0,0,0,0,0,50,2,0,0,0,-0.2106,0,50
2026-05-12 19:29:24,192.168.1.100,172.20.10.5,0,replay,0.026,2,2,235000,0,0,0,0,0,0,0,0,50,2,0,0,0,-0.2548,0,50
2026-05-12 19:29:25,192.168.1.100,172.20.10.5,0,replay,0.027,2,2,235000,0,0,0,0,0,0,0,0,50,2,0,0,0,-0.2488,0,50
2026-05-12 19:29:25,192.168.1.100,172.20.10.5,0,replay,0.033,2,2,235000,0,0,0,0,0,0,0,0,50,2,0,0,0,-0.215,0,50
2026-05-12 19:29:25,192.168.1.100,172.20.10.5,0,replay,0.068,2,2,235000,0,0,0,0,0,0,0,0,50,2,0,0,0,-0.0191,0,50
2026-05-12 19:29:25,192.168.1.100,172.20.10.5,0,replay,0.032,2,2,235000,0,0,0,0,0,0,0,0,50,2,0,0,0,-0.2205,0,50
2026-05-12 19:29:26,192.168.1.100,172.20.10.5,0,replay,0.031,2,2,235000,0,0,0,0,0,0,0,0,50,2,0,0,0,-0.2257,0,50
2026-05-12 19:29:26,192.168.1.100,172.20.10.5,0,replay,0.03,2,2,235000,0,0,0,0,0,0,0,0,50,2,0,0,0,-0.231,0,50
2026-05-12 19:29:26,192.168.1.100,172.20.10.5,0,replay,0.034,2,2,235000,0,0,0,0,0,0,0,0,50,2,0,0,0,-0.2082,0,50
2026-05-12 19:29:26,192.168.1.100,172.20.10.5,0,replay,0.088,2,2,235000,0,0,0,0,0,0,0,0,50,2,0,0,0,0.0959,0,50
2026-05-12 19:29:27,192.168.1.100,172.20.10.5,0,replay,0.041,2,2,235000,0,0,0,0,0,0,0,0,50,2,0,0,0,-0.169,0,50
2026-05-12 19:29:27,192.168.1.100,172.20.10.5,0,replay,0.081,2,2,235000,0,0,0,0,0,0,0,0,50,2,0,0,0,0.0569,0,50
2026-05-12 19:29:27,192.168.1.100,172.20.10.5,0,replay,0.034,2,2,235000,0,0,0,0,0,0,0,0,50,2,0,0,0,-0.2087,0,50
2026-05-12 19:29:27,192.168.1.100,172.20.10.5,0,replay,0.033,2,2,235000,0,0,0,0,0,0,0,0,50,2,0,0,0,-0.2141,0,50
2026-05-12 19:29:27,192.168.1.100,172.20.10.5,0,replay,0.069,2,2,235000,0,0,0,0,0,0,0,0,50,2,0,0,0,-0.0098,0,50
2026-05-12 19:29:28,192.168.1.100,172.20.10.5,0,replay,0.052,2,2,235000,0,0,0,0,0,0,0,0,50,2,0,0,0,-0.1063,0,50
2026-05-12 19:29:28,192.168.1.100,172.20.10.5,0,replay,0.026,2,2,235000,0,0,0,0,0,0,0,0,50,2,0,0,0,-0.2538,0,50
2026-05-12 19:29:28,192.168.1.100,172.20.10.5,0,replay,0.099,2,2,235000,0,0,0,0,0,0,0,0,50,2,0,0,0,0.1618,0,50
2026-05-12 19:29:28,192.168.1.100,172.20.10.5,0,replay,0.038,2,2,235000,0,0,0,0,0,0,0,0,50,2,0,0,0,-0.1859,0,50
2026-05-12 19:29:28,192.168.1.100,172.20.10.5,0,replay,0.054,2,2,235000,0,0,0,0,0,0,0,0,50,2,0,0,0,-0.0944,0,50
2026-05-12 19:29:29,192.168.1.100,172.20.10.5,0,replay,0.045,2,2,235000,0,0,0,0,0,0,0,0,50,2,0,0,0,-0.1456,0,50
2026-05-12 19:29:29,192.168.1.100,172.20.10.5,0,replay,0.033,2,2,235000,0,0,0,0,0,0,0,0,50,2,0,0,0,-0.214,0,50
2026-05-12 19:38:07,192.168.1.100,172.20.10.5,0,replay,0.046,2,2,235000,0,0,0,0,0,0,0,0,50,2,0,0,0,-0.1393,0,50
2026-05-12 19:38:07,192.168.1.100,172.20.10.5,0,replay,0.032,2,2,235000,0,0,0,0,0,0,0,0,50,2,0,0,0,-0.2194,0,50
2026-05-12 19:38:07,192.168.1.100,172.20.10.5,0,replay,0.032,2,2,235000,0,0,0,0,0,0,0,0,50,2,0,0,0,-0.2191,0,50
2026-05-12 19:38:08,192.168.1.100,172.20.10.5,0,replay,0.037,2,2,235000,0,0,0,0,0,0,0,0,50,2,0,0,0,-0.19,0,50
2026-05-12 19:38:08,192.168.1.100,172.20.10.5,0,replay,0.028,2,2,235000,0,0,0,0,0,0,0,0,50,2,0,0,0,-0.2415,0,50
2026-05-12 19:38:08,192.168.1.100,172.20.10.5,0,replay,0.029,2,2,235000,0,0,0,0,0,0,0,0,50,2,0,0,0,-0.2354,0,50
2026-05-12 19:38:08,192.168.1.100,172.20.10.5,0,replay,0.03,2,2,235000,0,0,0,0,0,0,0,0,50,2,0,0,0,-0.2293,0,50
2026-05-12 19:38:08,192.168.1.100,172.20.10.5,0,replay,0.033,2,2,235000,0,0,0,0,0,0,0,0,50,2,0,0,0,-0.2117,0,50
2026-05-12 19:38:09,192.168.1.100,172.20.10.5,0,replay,0.029,2,2,235000,0,0,0,0,0,0,0,0,50,2,0,0,0,-0.2345,0,50
2026-05-12 19:38:09,192.168.1.100,172.20.10.5,0,replay,0.031,2,2,235000,0,0,0,0,0,0,0,0,50,2,0,0,0,-0.2226,0,50
2026-05-12 19:38:09,192.168.1.100,172.20.10.5,0,replay,0.039,2,2,235000,0,0,0,0,0,0,0,0,50,2,0,0,0,-0.1759,0,50
2026-05-12 19:38:09,192.168.1.100,172.20.10.5,0,replay,0.032,2,2,235000,0,0,0,0,0,0,0,0,50,2,0,0,0,-0.2163,0,50
2026-05-12 19:38:10,192.168.1.100,172.20.10.5,0,replay,0.031,2,2,235000,0,0,0,0,0,0,0,0,50,2,0,0,0,-0.2218,0,50
2026-05-12 19:38:10,192.168.1.100,172.20.10.5,0,replay,0.038,2,2,235000,0,0,0,0,0,0,0,0,50,2,0,0,0,-0.1807,0,50
2026-05-12 19:38:10,192.168.1.100,172.20.10.5,0,replay,0.03,2,2,235000,0,0,0,0,0,0,0,0,50,2,0,0,0,-0.2271,0,50
2026-05-12 19:38:10,192.168.1.100,172.20.10.5,0,replay,0.045,2,2,235000,0,0,0,0,0,0,0,0,50,2,0,0,0,-0.1393,0,50
2026-05-12 19:38:10,192.168.1.100,172.20.10.5,0,replay,0.029,2,2,235000,0,0,0,0,0,0,0,0,50,2,0,0,0,-0.2326,0,50
2026-05-12 19:38:11,192.168.1.100,172.20.10.5,0,replay,0.03,2,2,235000,0,0,0,0,0,0,0,0,50,2,0,0,0,-0.2264,0,50
2026-05-12 19:38:11,192.168.1.100,172.20.10.5,0,replay,0.035,2,2,235000,0,0,0,0,0,0,0,0,50,2,0,0,0,-0.1968,0,50
2026-05-12 19:38:11,192.168.1.100,172.20.10.5,0,replay,0.031,2,2,235000,0,0,0,0,0,0,0,0,50,2,0,0,0,-0.22,0,50
2026-05-12 19:38:11,192.168.1.100,172.20.10.5,0,replay,0.031,2,2,235000,0,0,0,0,0,0,0,0,50,2,0,0,0,-0.2197,0,50
2026-05-12 19:38:11,192.168.1.100,172.20.10.5,0,replay,0.033,2,2,235000,0,0,0,0,0,0,0,0,50,2,0,0,0,-0.2077,0,50
2026-05-12 19:38:12,192.168.1.100,172.20.10.5,0,replay,0.036,2,2,235000,0,0,0,0,0,0,0,0,50,2,0,0,0,-0.1897,0,50
2026-05-12 19:38:12,192.168.1.100,172.20.10.5,0,replay,0.027,2,2,235000,0,0,0,0,0,0,0,0,50,2,0,0,0,-0.2425,0,50
2026-05-12 19:38:12,192.168.1.100,172.20.10.5,0,replay,0.029,2,2,235000,0,0,0,0,0,0,0,0,50,2,0,0,0,-0.2304,0,50
2026-05-12 19:38:12,192.168.1.100,172.20.10.5,0,replay,0.033,2,2,235000,0,0,0,0,0,0,0,0,50,2,0,0,0,-0.2064,0,50
2026-05-12 19:38:12,192.168.1.100,172.20.10.5,0,replay,0.03,2,2,235000,0,0,0,0,0,0,0,0,50,2,0,0,0,-0.2239,0,50
2026-05-12 19:38:13,192.168.1.100,172.20.10.5,0,replay,0.045,2,2,235000,0,0,0,0,0,0,0,0,50,2,0,0,0,-0.1347,0,50
2026-05-12 19:38:13,192.168.1.100,172.20.10.5,0,replay,0.028,2,2,235000,0,0,0,0,0,0,0,0,50,2,0,0,0,-0.2354,0,50
2026-05-12 19:38:13,192.168.1.100,172.20.10.5,0,replay,0.032,2,2,235000,0,0,0,0,0,0,0,0,50,2,0,0,0,-0.2113,0,50
2026-05-12 19:38:13,192.168.1.100,172.20.10.5,0,replay,0.051,2,2,235000,0,0,0,0,0,0,0,0,50,2,0,0,0,-0.0981,0,50
2026-05-12 19:38:14,192.168.1.100,172.20.10.5,0,replay,0.028,2,2,235000,0,0,0,0,0,0,0,0,50,2,0,0,0,-0.2349,0,50
2026-05-12 19:38:14,192.168.1.100,172.20.10.5,0,replay,0.049,2,2,235000,0,0,0,0,0,0,0,0,50,2,0,0,0,-0.1094,0,50
2026-05-12 19:38:14,192.168.1.100,172.20.10.5,0,replay,0.035,2,2,235000,0,0,0,0,0,0,0,0,50,2,0,0,0,-0.1928,0,50
2026-05-12 19:38:14,192.168.1.100,172.20.10.5,0,replay,0.037,2,2,235000,0,0,0,0,0,0,0,0,50,2,0,0,0,-0.1806,0,50
2026-05-12 19:38:14,192.168.1.100,172.20.10.5,0,replay,0.029,2,2,235000,0,0,0,0,0,0,0,0,50,2,0,0,0,-0.2282,0,50
2026-05-12 19:38:15,192.168.1.100,172.20.10.5,0,replay,0.031,2,2,235000,0,0,0,0,0,0,0,0,50,2,0,0,0,-0.216,0,50
2026-05-12 19:38:15,192.168.1.100,172.20.10.5,0,replay,0.049,2,2,235000,0,0,0,0,0,0,0,0,50,2,0,0,0,-0.1077,0,50
2026-05-12 19:38:15,192.168.1.100,172.20.10.5,0,replay,0.048,2,2,235000,0,0,0,0,0,0,0,0,50,2,0,0,0,-0.1136,0,50
2026-05-12 19:38:15,192.168.1.100,172.20.10.5,0,replay,0.031,2,2,235000,0,0,0,0,0,0,0,0,50,2,0,0,0,-0.2157,0,50
2026-05-12 19:38:15,192.168.1.100,172.20.10.5,0,replay,0.031,2,2,235000,0,0,0,0,0,0,0,0,50,2,0,0,0,-0.2154,0,50
2026-05-12 19:38:16,192.168.1.100,172.20.10.5,0,replay,0.156,2,2,235000,0,0,0,0,0,0,0,0,50,2,0,0,0,0.5381,0,50
2026-05-12 19:38:16,192.168.1.100,172.20.10.5,0,replay,0.129,2,2,235000,0,0,0,0,0,0,0,0,50,2,0,0,0,0.3745,0,50
2026-05-12 19:38:16,192.168.1.100,172.20.10.5,0,replay,0.025,2,2,235000,0,0,0,0,0,0,0,0,50,2,0,0,0,-0.254,0,50
2026-05-12 19:38:16,192.168.1.100,172.20.10.5,0,replay,0.03,2,2,235000,0,0,0,0,0,0,0,0,50,2,0,0,0,-0.2234,0,50
2026-05-12 19:38:16,192.168.1.100,172.20.10.5,0,replay,0.038,2,2,235000,0,0,0,0,0,0,0,0,50,2,0,0,0,-0.1747,0,50
2026-05-12 19:38:17,192.168.1.100,172.20.10.5,0,replay,0.028,2,2,235000,0,0,0,0,0,0,0,0,50,2,0,0,0,-0.2351,0,50
2026-05-12 19:38:17,192.168.1.100,172.20.10.5,0,replay,0.046,2,2,235000,0,0,0,0,0,0,0,0,50,2,0,0,0,-0.1256,0,50
2026-05-12 19:38:17,192.168.1.100,172.20.10.5,0,replay,0.03,2,2,235000,0,0,0,0,0,0,0,0,50,2,0,0,0,-0.2226,0,50
2026-05-12 19:38:17,192.168.1.100,172.20.10.5,0,replay,0.031,2,2,235000,0,0,0,0,0,0,0,0,50,2,0,0,0,-0.2163,0,50
2026-05-12 19:38:18,192.168.1.100,172.20.10.5,0,replay,0.032,2,2,235000,0,0,0,0,0,0,0,0,50,2,0,0,0,-0.2099,0,50
2026-05-12 19:38:18,192.168.1.100,172.20.10.5,0,replay,0.066,2,2,235000,0,0,0,0,0,0,0,0,50,2,0,0,0,-0.0024,0,50
2026-05-12 19:38:18,192.168.1.100,172.20.10.5,0,replay,0.032,2,2,235000,0,0,0,0,0,0,0,0,50,2,0,0,0,-0.2099,0,50
2026-05-12 19:38:18,192.168.1.100,172.20.10.5,0,replay,0.029,2,2,235000,0,0,0,0,0,0,0,0,50,2,0,0,0,-0.228,0,50
2026-05-12 19:38:18,192.168.1.100,172.20.10.5,0,replay,0.03,2,2,235000,0,0,0,0,0,0,0,0,50,2,0,0,0,-0.2216,0,50
2026-05-12 19:38:19,192.168.1.100,172.20.10.5,0,replay,0.031,2,2,235000,0,0,0,0,0,0,0,0,50,2,0,0,0,-0.2152,0,50
2026-05-12 19:38:19,192.168.1.100,172.20.10.5,0,replay,0.031,2,2,235000,0,0,0,0,0,0,0,0,50,2,0,0,0,-0.2149,0,50
2026-05-12 19:38:19,192.168.1.100,172.20.10.5,0,replay,0.031,2,2,235000,0,0,0,0,0,0,0,0,50,2,0,0,0,-0.2146,0,50
2026-05-12 19:38:19,192.168.1.100,172.20.10.5,0,replay,0.031,2,2,235000,0,0,0,0,0,0,0,0,50,2,0,0,0,-0.2144,0,50
2026-05-12 19:38:19,192.168.1.100,172.20.10.5,0,replay,0.038,2,2,235000,0,0,0,0,0,0,0,0,50,2,0,0,0,-0.171,0,50
2026-05-12 19:38:20,192.168.1.100,172.20.10.5,0,replay,0.031,2,2,235000,0,0,0,0,0,0,0,0,50,2,0,0,0,-0.2139,0,50
2026-05-12 19:38:20,192.168.1.100,172.20.10.5,0,replay,0.04,2,2,235000,0,0,0,0,0,0,0,0,50,2,0,0,0,-0.1582,0,50
2026-05-12 19:38:20,192.168.1.100,172.20.10.5,0,replay,0.033,2,2,235000,0,0,0,0,0,0,0,0,50,2,0,0,0,-0.2012,0,50
2026-05-12 19:38:20,192.168.1.100,172.20.10.5,0,replay,0.03,2,2,235000,0,0,0,0,0,0,0,0,50,2,0,0,0,-0.2195,0,50
2026-05-12 19:38:20,192.168.1.100,172.20.10.5,0,replay,0.032,2,2,235000,0,0,0,0,0,0,0,0,50,2,0,0,0,-0.2069,0,50
2026-05-12 19:38:21,192.168.1.100,172.20.10.5,0,replay,0.027,2,2,235000,0,0,0,0,0,0,0,0,50,2,0,0,0,-0.2376,0,50
2026-05-12 19:38:21,192.168.1.100,172.20.10.5,0,replay,0.027,2,2,235000,0,0,0,0,0,0,0,0,50,2,0,0,0,-0.2373,0,50
2026-05-12 19:38:21,192.168.1.100,172.20.10.5,0,replay,0.028,2,2,235000,0,0,0,0,0,0,0,0,50,2,0,0,0,-0.2308,0,50
2026-05-12 19:38:21,192.168.1.100,172.20.10.5,0,replay,0.031,2,2,235000,0,0,0,0,0,0,0,0,50,2,0,0,0,-0.2119,0,50
2026-05-12 19:38:21,192.168.1.100,172.20.10.5,0,replay,0.029,2,2,235000,0,0,0,0,0,0,0,0,50,2,0,0,0,-0.2241,0,50
2026-05-12 19:38:22,192.168.1.100,172.20.10.5,0,replay,0.052,2,2,235000,0,0,0,0,0,0,0,0,50,2,0,0,0,-0.0806,0,50
2026-05-12 19:38:22,192.168.1.100,172.20.10.5,0,replay,0.028,2,2,235000,0,0,0,0,0,0,0,0,50,2,0,0,0,-0.2301,0,50
2026-05-12 19:38:22,192.168.1.100,172.20.10.5,0,replay,0.055,2,2,235000,0,0,0,0,0,0,0,0,50,2,0,0,0,-0.0613,0,50
2026-05-12 19:38:22,192.168.1.100,172.20.10.5,0,replay,0.029,2,2,235000,0,0,0,0,0,0,0,0,50,2,0,0,0,-0.2237,0,50
2026-05-12 19:38:22,192.168.1.100,172.20.10.5,0,replay,0.029,2,2,235000,0,0,0,0,0,0,0,0,50,2,0,0,0,-0.2234,0,50
2026-05-12 19:47:39,192.168.1.100,172.20.10.5,0,replay,0.195,2,2,235000,0,0,0,0,0,0,0,0,50,2,0,0,0,0.8159,0,50
2026-05-12 19:47:39,192.168.1.100,172.20.10.5,0,replay,0.026,2,2,235000,0,0,0,0,0,0,0,0,50,2,0,0,0,-0.2439,0,50
2026-05-12 19:47:40,192.168.1.100,172.20.10.5,0,replay,0.059,2,2,235000,0,0,0,0,0,0,0,0,50,2,0,0,0,-0.0366,0,50
2026-05-12 19:47:40,192.168.1.100,172.20.10.5,0,replay,0.032,2,2,235000,0,0,0,0,0,0,0,0,50,2,0,0,0,-0.2061,0,50
2026-05-12 19:47:40,192.168.1.100,172.20.10.5,0,replay,0.047,2,2,235000,0,0,0,0,0,0,0,0,50,2,0,0,0,-0.1116,0,50
2026-05-12 19:47:40,192.168.1.100,172.20.10.5,0,replay,0.062,2,2,235000,0,0,0,0,0,0,0,0,50,2,0,0,0,-0.0171,0,50
2026-05-12 19:47:40,192.168.1.100,172.20.10.5,0,replay,0.043,2,2,235000,0,0,0,0,0,0,0,0,50,2,0,0,0,-0.1368,0,50
2026-05-12 19:47:41,192.168.1.100,172.20.10.5,0,replay,0.033,2,2,235000,0,0,0,0,0,0,0,0,50,2,0,0,0,-0.1997,0,50
2026-05-12 19:47:41,192.168.1.100,172.20.10.5,0,replay,0.07,2,2,235000,0,0,0,0,0,0,0,0,50,2,0,0,0,0.0342,0,50
2026-05-12 19:47:41,192.168.1.100,172.20.10.5,0,replay,0.021,2,2,235000,0,0,0,0,0,0,0,0,50,2,0,0,0,-0.2756,0,50
2026-05-12 19:47:41,192.168.1.100,172.20.10.5,0,replay,0.046,2,2,235000,0,0,0,0,0,0,0,0,50,2,0,0,0,-0.1171,0,50
2026-05-12 19:47:42,192.168.1.100,172.20.10.5,0,replay,0.056,2,2,235000,0,0,0,0,0,0,0,0,50,2,0,0,0,-0.0536,0,50
2026-05-12 19:47:42,192.168.1.100,172.20.10.5,0,replay,0.044,2,2,235000,0,0,0,0,0,0,0,0,50,2,0,0,0,-0.1296,0,50
2026-05-12 19:47:42,192.168.1.100,172.20.10.5,0,replay,0.088,2,2,235000,0,0,0,0,0,0,0,0,50,2,0,0,0,0.1498,0,50
2026-05-12 19:47:42,192.168.1.100,172.20.10.5,0,replay,0.062,2,2,235000,0,0,0,0,0,0,0,0,50,2,0,0,0,-0.0156,0,50
2026-05-12 19:47:42,192.168.1.100,172.20.10.5,0,replay,0.029,2,2,235000,0,0,0,0,0,0,0,0,50,2,0,0,0,-0.2255,0,50
2026-05-12 19:47:43,192.168.1.100,172.20.10.5,0,replay,0.029,2,2,235000,0,0,0,0,0,0,0,0,50,2,0,0,0,-0.2252,0,50
2026-05-12 19:47:43,192.168.1.100,172.20.10.5,0,replay,0.075,2,2,235000,0,0,0,0,0,0,0,0,50,2,0,0,0,0.0683,0,50
2026-05-12 19:47:43,192.168.1.100,172.20.10.5,0,replay,0.044,2,2,235000,0,0,0,0,0,0,0,0,50,2,0,0,0,-0.1296,0,50
2026-05-12 19:47:44,192.168.1.100,172.20.10.5,0,replay,0.057,2,2,235000,0,0,0,0,0,0,0,0,50,2,0,0,0,-0.0464,0,50
2026-05-12 19:47:44,192.168.1.100,172.20.10.5,0,replay,0.047,2,2,235000,0,0,0,0,0,0,0,0,50,2,0,0,0,-0.1104,0,50
2026-05-12 19:47:44,192.168.1.100,172.20.10.5,0,replay,0.068,2,2,235000,0,0,0,0,0,0,0,0,50,2,0,0,0,0.0242,0,50
2026-05-12 19:47:44,192.168.1.100,172.20.10.5,0,replay,2.004,2,2,235000,0,0,0,0,0,0,0,0,50,2,0,0,0,10.7602,0,50
2026-05-12 19:47:44,192.168.1.100,172.20.10.5,0,replay,0.059,2,2,235000,0,0,0,0,0,0,0,0,50,2,0,0,0,-0.0523,0,50
2026-05-12 19:47:45,192.168.1.100,172.20.10.5,0,replay,0.05,2,2,235000,0,0,0,0,0,0,0,0,50,2,0,0,0,-0.1023,0,50
2026-05-12 19:47:45,192.168.1.100,172.20.10.5,0,replay,0.065,2,2,235000,0,0,0,0,0,0,0,0,50,2,0,0,0,-0.0187,0,50
2026-05-12 19:47:45,192.168.1.100,172.20.10.5,0,replay,0.082,2,2,235000,0,0,0,0,0,0,0,0,50,2,0,0,0,0.076,0,50
2026-05-12 19:47:45,192.168.1.100,172.20.10.5,0,replay,0.048,2,2,235000,0,0,0,0,0,0,0,0,50,2,0,0,0,-0.1137,0,50
2026-05-12 19:47:45,192.168.1.100,172.20.10.5,0,replay,0.031,2,2,235000,0,0,0,0,0,0,0,0,50,2,0,0,0,-0.2085,0,50
2026-05-12 19:47:46,192.168.1.100,172.20.10.5,0,replay,0.079,2,2,235000,0,0,0,0,0,0,0,0,50,2,0,0,0,0.06,0,50
2026-05-12 19:47:46,192.168.1.100,172.20.10.5,0,replay,0.063,2,2,235000,0,0,0,0,0,0,0,0,50,2,0,0,0,-0.0296,0,50
2026-05-12 19:47:46,192.168.1.100,172.20.10.5,0,replay,0.028,2,2,235000,0,0,0,0,0,0,0,0,50,2,0,0,0,-0.2255,0,50
2026-05-12 19:47:46,192.168.1.100,172.20.10.5,0,replay,0.046,2,2,235000,0,0,0,0,0,0,0,0,50,2,0,0,0,-0.1244,0,50
2026-05-12 19:47:46,192.168.1.100,172.20.10.5,0,replay,0.057,2,2,235000,0,0,0,0,0,0,0,0,50,2,0,0,0,-0.0625,0,50
2026-05-12 19:47:47,192.168.1.100,172.20.10.5,0,replay,0.034,2,2,235000,0,0,0,0,0,0,0,0,50,2,0,0,0,-0.1917,0,50
2026-05-12 19:47:47,192.168.1.100,172.20.10.5,0,replay,0.249,2,2,235000,0,0,0,0,0,0,0,0,50,2,0,0,0,1.0166,0,50
2026-05-12 19:47:47,192.168.1.100,172.20.10.5,0,replay,0.035,2,2,235000,0,0,0,0,0,0,0,0,50,2,0,0,0,-0.188,0,50
2026-05-12 19:47:47,192.168.1.100,172.20.10.5,0,replay,0.052,2,2,235000,0,0,0,0,0,0,0,0,50,2,0,0,0,-0.0921,0,50
2026-05-12 19:47:48,192.168.1.100,172.20.10.5,0,replay,0.208,2,2,235000,0,0,0,0,0,0,0,0,50,2,0,0,0,0.7866,0,50
2026-05-12 19:47:48,192.168.1.100,172.20.10.5,0,replay,0.048,2,2,235000,0,0,0,0,0,0,0,0,50,2,0,0,0,-0.1162,0,50
2026-05-12 19:47:48,192.168.1.100,172.20.10.5,0,replay,0.056,2,2,235000,0,0,0,0,0,0,0,0,50,2,0,0,0,-0.0709,0,50
2026-05-12 19:47:48,192.168.1.100,172.20.10.5,0,replay,0.028,2,2,235000,0,0,0,0,0,0,0,0,50,2,0,0,0,-0.229,0,50
2026-05-12 19:47:48,192.168.1.100,172.20.10.5,0,replay,0.062,2,2,235000,0,0,0,0,0,0,0,0,50,2,0,0,0,-0.0365,0,50
2026-05-12 19:47:49,192.168.1.100,172.20.10.5,0,replay,0.062,2,2,235000,0,0,0,0,0,0,0,0,50,2,0,0,0,-0.0365,0,50
2026-05-12 19:47:49,192.168.1.100,172.20.10.5,0,replay,0.031,2,2,235000,0,0,0,0,0,0,0,0,50,2,0,0,0,-0.2121,0,50
2026-05-12 19:47:49,192.168.1.100,172.20.10.5,0,replay,0.05,2,2,235000,0,0,0,0,0,0,0,0,50,2,0,0,0,-0.1041,0,50
2026-05-12 19:47:49,192.168.1.100,172.20.10.5,0,replay,0.044,2,2,235000,0,0,0,0,0,0,0,0,50,2,0,0,0,-0.1381,0,50
2026-05-12 19:47:49,192.168.1.100,172.20.10.5,0,replay,0.061,2,2,235000,0,0,0,0,0,0,0,0,50,2,0,0,0,-0.0413,0,50
2026-05-12 19:47:50,192.168.1.100,172.20.10.5,0,replay,0.042,2,2,235000,0,0,0,0,0,0,0,0,50,2,0,0,0,-0.1494,0,50
2026-05-12 19:47:50,192.168.1.100,172.20.10.5,0,replay,0.051,2,2,235000,0,0,0,0,0,0,0,0,50,2,0,0,0,-0.098,0,50
2026-05-12 19:47:50,192.168.1.100,172.20.10.5,0,replay,0.262,2,2,235000,0,0,0,0,0,0,0,0,50,2,0,0,0,1.1037,0,50
2026-05-12 19:47:50,192.168.1.100,172.20.10.5,0,replay,0.032,2,2,235000,0,0,0,0,0,0,0,0,50,2,0,0,0,-0.2084,0,50
2026-05-12 19:47:50,192.168.1.100,172.20.10.5,0,replay,0.058,2,2,235000,0,0,0,0,0,0,0,0,50,2,0,0,0,-0.0598,0,50
2026-05-12 19:47:51,192.168.1.100,172.20.10.5,0,replay,0.045,2,2,235000,0,0,0,0,0,0,0,0,50,2,0,0,0,-0.134,0,50
2026-05-12 19:47:51,192.168.1.100,172.20.10.5,0,replay,0.043,2,2,235000,0,0,0,0,0,0,0,0,50,2,0,0,0,-0.1453,0,50
2026-05-12 19:47:51,192.168.1.100,172.20.10.5,0,replay,0.082,2,2,235000,0,0,0,0,0,0,0,0,50,2,0,0,0,0.078,0,50
2026-05-12 19:47:51,192.168.1.100,172.20.10.5,0,replay,0.021,2,2,235000,0,0,0,0,0,0,0,0,50,2,0,0,0,-0.2715,0,50
2026-05-12 19:47:52,192.168.1.100,172.20.10.5,0,replay,0.254,2,2,235000,0,0,0,0,0,0,0,0,50,2,0,0,0,1.0635,0,50
2026-05-12 19:47:52,192.168.1.100,172.20.10.5,0,replay,0.033,2,2,235000,0,0,0,0,0,0,0,0,50,2,0,0,0,-0.2045,0,50
2026-05-12 19:47:52,192.168.1.100,172.20.10.5,0,replay,0.056,2,2,235000,0,0,0,0,0,0,0,0,50,2,0,0,0,-0.0723,0,50
2026-05-12 19:47:52,192.168.1.100,172.20.10.5,0,replay,0.034,2,2,235000,0,0,0,0,0,0,0,0,50,2,0,0,0,-0.1986,0,50
2026-05-12 19:47:52,192.168.1.100,172.20.10.5,0,replay,0.041,2,2,235000,0,0,0,0,0,0,0,0,50,2,0,0,0,-0.1581,0,50
2026-05-12 19:47:53,192.168.1.100,172.20.10.5,0,replay,0.063,2,2,235000,0,0,0,0,0,0,0,0,50,2,0,0,0,-0.0314,0,50
2026-05-12 19:47:53,192.168.1.100,172.20.10.5,0,replay,0.06,2,2,235000,0,0,0,0,0,0,0,0,50,2,0,0,0,-0.0486,0,50
2026-05-12 19:47:53,192.168.1.100,172.20.10.5,0,replay,0.05,2,2,235000,0,0,0,0,0,0,0,0,50,2,0,0,0,-0.1062,0,50
2026-05-12 19:47:53,192.168.1.100,172.20.10.5,0,replay,0.056,2,2,235000,0,0,0,0,0,0,0,0,50,2,0,0,0,-0.0715,0,50
2026-05-12 19:47:53,192.168.1.100,172.20.10.5,0,replay,0.042,2,2,235000,0,0,0,0,0,0,0,0,50,2,0,0,0,-0.1523,0,50
2026-05-12 19:47:54,192.168.1.100,172.20.10.5,0,replay,0.022,2,2,235000,0,0,0,0,0,0,0,0,50,2,0,0,0,-0.2678,0,50
2026-05-12 19:47:54,192.168.1.100,172.20.10.5,0,replay,0.126,2,2,235000,0,0,0,0,0,0,0,0,50,2,0,0,0,0.3345,0,50
2026-05-12 19:47:54,192.168.1.100,172.20.10.5,0,replay,0.045,2,2,235000,0,0,0,0,0,0,0,0,50,2,0,0,0,-0.1352,0,50
2026-05-12 19:47:54,192.168.1.100,172.20.10.5,0,replay,0.047,2,2,235000,0,0,0,0,0,0,0,0,50,2,0,0,0,-0.1234,0,50
2026-05-12 19:47:54,192.168.1.100,172.20.10.5,0,replay,0.038,2,2,235000,0,0,0,0,0,0,0,0,50,2,0,0,0,-0.1756,0,50
2026-05-12 19:47:55,192.168.1.100,172.20.10.5,0,replay,0.611,2,2,235000,0,0,0,0,0,0,0,0,50,2,0,0,0,3.124,0,50
2026-05-12 19:47:55,192.168.1.100,172.20.10.5,0,replay,0.039,2,2,235000,0,0,0,0,0,0,0,0,50,2,0,0,0,-0.1742,0,50
2026-05-12 19:47:55,192.168.1.100,172.20.10.5,0,replay,0.071,2,2,235000,0,0,0,0,0,0,0,0,50,2,0,0,0,0.0105,0,50
2026-05-12 19:47:55,192.168.1.100,172.20.10.5,0,replay,0.06,2,2,235000,0,0,0,0,0,0,0,0,50,2,0,0,0,-0.053,0,50
2026-05-12 19:47:55,192.168.1.100,172.20.10.5,0,replay,0.032,2,2,235000,0,0,0,0,0,0,0,0,50,2,0,0,0,-0.2147,0,50
2026-05-12 19:47:56,192.168.1.100,172.20.10.5,0,replay,0.038,2,2,235000,0,0,0,0,0,0,0,0,50,2,0,0,0,-0.1798,0,50
2026-05-12 19:47:56,192.168.1.100,172.20.10.5,0,replay,0.055,2,2,235000,0,0,0,0,0,0,0,0,50,2,0,0,0,-0.0813,0,50
2026-05-12 19:47:56,192.168.1.100,172.20.10.5,0,replay,0.043,2,2,235000,0,0,0,0,0,0,0,0,50,2,0,0,0,-0.1507,0,50
2026-05-12 19:47:56,192.168.1.100,172.20.10.5,0,replay,0.032,2,2,235000,0,0,0,0,0,0,0,0,50,2,0,0,0,-0.2143,0,50
2026-05-12 19:47:56,192.168.1.100,172.20.10.5,0,replay,0.068,2,2,235000,0,0,0,0,0,0,0,0,50,2,0,0,0,-0.0052,0,50
2026-05-12 19:47:57,192.168.1.100,172.20.10.5,0,replay,0.022,2,2,235000,0,0,0,0,0,0,0,0,50,2,0,0,0,-0.2724,0,50
2026-05-12 19:47:57,192.168.1.100,172.20.10.5,0,replay,0.021,2,2,235000,0,0,0,0,0,0,0,0,50,2,0,0,0,-0.278,0,50
2026-05-12 19:47:57,192.168.1.100,172.20.10.5,0,replay,0.027,2,2,235000,0,0,0,0,0,0,0,0,50,2,0,0,0,-0.2427,0,50
2026-05-12 19:47:57,192.168.1.100,172.20.10.5,0,replay,0.08,2,2,235000,0,0,0,0,0,0,0,0,50,2,0,0,0,0.0663,0,50
2026-05-12 19:47:57,192.168.1.100,172.20.10.5,0,replay,0.032,2,2,235000,0,0,0,0,0,0,0,0,50,2,0,0,0,-0.2137,0,50
2026-05-12 19:47:58,192.168.1.100,172.20.10.5,0,replay,0.039,2,2,235000,0,0,0,0,0,0,0,0,50,2,0,0,0,-0.1726,0,50
2026-05-12 19:47:58,192.168.1.100,172.20.10.5,0,replay,0.05,2,2,235000,0,0,0,0,0,0,0,0,50,2,0,0,0,-0.1082,0,50
2026-05-12 19:47:58,192.168.1.100,172.20.10.5,0,replay,0.031,2,2,235000,0,0,0,0,0,0,0,0,50,2,0,0,0,-0.2192,0,50
2026-05-12 19:47:58,192.168.1.100,172.20.10.5,0,replay,0.032,2,2,235000,0,0,0,0,0,0,0,0,50,2,0,0,0,-0.2131,0,50
2026-05-12 19:47:58,192.168.1.100,172.20.10.5,0,replay,0.031,2,2,235000,0,0,0,0,0,0,0,0,50,2,0,0,0,-0.2188,0,50
2026-05-12 19:47:59,192.168.1.100,172.20.10.5,0,replay,0.072,2,2,235000,0,0,0,0,0,0,0,0,50,2,0,0,0,0.0218,0,50
2026-05-12 19:47:59,192.168.1.100,172.20.10.5,0,replay,0.03,2,2,235000,0,0,0,0,0,0,0,0,50,2,0,0,0,-0.2247,0,50
2026-05-12 19:47:59,192.168.1.100,172.20.10.5,0,replay,0.045,2,2,235000,0,0,0,0,0,0,0,0,50,2,0,0,0,-0.1364,0,50
2026-05-12 19:48:01,192.168.1.100,172.20.10.5,0,replay,0.083,2,2,235000,0,0,0,0,0,0,0,0,50,2,0,0,0,0.0872,0,50
2026-05-12 19:48:01,192.168.1.100,172.20.10.5,0,replay,0.025,2,2,235000,0,0,0,0,0,0,0,0,50,2,0,0,0,-0.2542,0,50
2026-05-12 19:48:01,192.168.1.100,172.20.10.5,0,replay,0.042,2,2,235000,0,0,0,0,0,0,0,0,50,2,0,0,0,-0.1538,0,50
2026-05-12 19:48:02,192.168.1.100,172.20.10.5,0,replay,0.027,2,2,235000,0,0,0,0,0,0,0,0,50,2,0,0,0,-0.2421,0,50
2026-05-12 19:48:02,192.168.1.100,172.20.10.5,0,replay,0.023,2,2,235000,0,0,0,0,0,0,0,0,50,2,0,0,0,-0.2655,0,50
2026-05-12 19:48:02,192.168.1.100,172.20.10.5,0,replay,0.021,2,2,235000,0,0,0,0,0,0,0,0,50,2,0,0,0,-0.277,0,50
2026-05-12 19:48:02,192.168.1.100,172.20.10.5,0,replay,0.035,2,2,235000,0,0,0,0,0,0,0,0,50,2,0,0,0,-0.194,0,50
2026-05-12 19:48:02,192.168.1.100,172.20.10.5,0,replay,0.059,2,2,235000,0,0,0,0,0,0,0,0,50,2,0,0,0,-0.0518,0,50
2026-05-12 19:48:03,192.168.1.100,172.20.10.5,0,replay,0.08,2,2,235000,0,0,0,0,0,0,0,0,50,2,0,0,0,0.0726,0,50
2026-05-12 19:48:03,192.168.1.100,172.20.10.5,0,replay,0.022,2,2,235000,0,0,0,0,0,0,0,0,50,2,0,0,0,-0.2713,0,50
2026-05-12 19:48:03,192.168.1.100,172.20.10.5,0,replay,0.183,2,2,235000,0,0,0,0,0,0,0,0,50,2,0,0,0,0.6838,0,50
2026-05-12 19:48:03,192.168.1.100,172.20.10.5,0,replay,0.09,2,2,235000,0,0,0,0,0,0,0,0,50,2,0,0,0,0.1312,0,50
2026-05-12 19:48:03,192.168.1.100,172.20.10.5,0,replay,0.032,2,2,235000,0,0,0,0,0,0,0,0,50,2,0,0,0,-0.2135,0,50
2026-05-12 19:48:04,192.168.1.100,172.20.10.5,0,replay,0.042,2,2,235000,0,0,0,0,0,0,0,0,50,2,0,0,0,-0.1538,0,50
2026-05-12 19:48:04,192.168.1.100,172.20.10.5,0,replay,0.032,2,2,235000,0,0,0,0,0,0,0,0,50,2,0,0,0,-0.2132,0,50
2026-05-12 19:48:04,192.168.1.100,172.20.10.5,0,replay,0.266,2,2,235000,0,0,0,0,0,0,0,0,50,2,0,0,0,1.1793,0,50
2026-05-12 19:48:04,192.168.1.100,172.20.10.5,0,replay,0.035,2,2,235000,0,0,0,0,0,0,0,0,50,2,0,0,0,-0.1972,0,50
2026-05-12 19:48:04,192.168.1.100,172.20.10.5,0,replay,0.08,2,2,235000,0,0,0,0,0,0,0,0,50,2,0,0,0,0.0712,0,50
2026-05-12 19:48:05,192.168.1.100,172.20.10.5,0,replay,0.031,2,2,235000,0,0,0,0,0,0,0,0,50,2,0,0,0,-0.2212,0,50
2026-05-12 19:48:05,192.168.1.100,172.20.10.5,0,replay,0.036,2,2,235000,0,0,0,0,0,0,0,0,50,2,0,0,0,-0.1911,0,50
2026-05-12 19:48:05,192.168.1.100,172.20.10.5,0,replay,0.079,2,2,235000,0,0,0,0,0,0,0,0,50,2,0,0,0,0.066,0,50
2026-05-12 19:48:05,192.168.1.100,172.20.10.5,0,replay,0.032,2,2,235000,0,0,0,0,0,0,0,0,50,2,0,0,0,-0.2151,0,50
2026-05-12 19:48:06,192.168.1.100,172.20.10.5,0,replay,0.03,2,2,235000,0,0,0,0,0,0,0,0,50,2,0,0,0,-0.2269,0,50
2026-05-12 19:48:06,192.168.1.100,172.20.10.5,0,replay,0.033,2,2,235000,0,0,0,0,0,0,0,0,50,2,0,0,0,-0.2087,0,50
2026-05-12 19:48:06,192.168.1.100,172.20.10.5,0,replay,0.07,2,2,235000,0,0,0,0,0,0,0,0,50,2,0,0,0,0.0133,0,50
2026-05-12 19:48:17,192.168.1.100,172.20.10.5,0,replay,0.207,2,2,235000,0,0,0,0,0,0,0,0,50,2,0,0,0,0.8349,0,50
2026-05-12 19:48:17,192.168.1.100,172.20.10.5,0,replay,0.027,2,2,235000,0,0,0,0,0,0,0,0,50,2,0,0,0,-0.2463,0,50
2026-05-12 19:48:17,192.168.1.100,172.20.10.5,0,replay,0.02,2,2,235000,0,0,0,0,0,0,0,0,50,2,0,0,0,-0.2881,0,50
2026-05-12 19:48:17,192.168.1.100,172.20.10.5,0,replay,0.039,2,2,235000,0,0,0,0,0,0,0,0,50,2,0,0,0,-0.1736,0,50
2026-05-12 19:48:18,192.168.1.100,172.20.10.5,0,replay,0.026,2,2,235000,0,0,0,0,0,0,0,0,50,2,0,0,0,-0.2517,0,50
2026-05-12 19:48:18,192.168.1.100,172.20.10.5,0,replay,0.026,2,2,235000,0,0,0,0,0,0,0,0,50,2,0,0,0,-0.2514,0,50
2026-05-12 19:48:18,192.168.1.100,172.20.10.5,0,replay,0.029,2,2,235000,0,0,0,0,0,0,0,0,50,2,0,0,0,-0.2331,0,50
2026-05-12 19:48:18,192.168.1.100,172.20.10.5,0,replay,0.061,2,2,235000,0,0,0,0,0,0,0,0,50,2,0,0,0,-0.0399,0,50
2026-05-12 19:48:18,192.168.1.100,172.20.10.5,0,replay,0.059,2,2,235000,0,0,0,0,0,0,0,0,50,2,0,0,0,-0.0519,0,50
2026-05-12 19:48:19,192.168.1.100,172.20.10.5,0,replay,0.06,2,2,235000,0,0,0,0,0,0,0,0,50,2,0,0,0,-0.0458,0,50
2026-05-12 19:48:19,192.168.1.100,172.20.10.5,0,replay,0.04,2,2,235000,0,0,0,0,0,0,0,0,50,2,0,0,0,-0.1667,0,50
2026-05-12 19:48:19,192.168.1.100,172.20.10.5,0,replay,0.055,2,2,235000,0,0,0,0,0,0,0,0,50,2,0,0,0,-0.0758,0,50
2026-05-12 19:48:19,192.168.1.100,172.20.10.5,0,replay,0.066,2,2,235000,0,0,0,0,0,0,0,0,50,2,0,0,0,-0.0091,0,50
2026-05-12 19:48:19,192.168.1.100,172.20.10.5,0,replay,0.029,2,2,235000,0,0,0,0,0,0,0,0,50,2,0,0,0,-0.2334,0,50
2026-05-12 19:48:20,192.168.1.100,172.20.10.5,0,replay,0.04,2,2,235000,0,0,0,0,0,0,0,0,50,2,0,0,0,-0.1665,0,50
2026-05-12 19:48:20,192.168.1.100,172.20.10.5,0,replay,0.06,2,2,235000,0,0,0,0,0,0,0,0,50,2,0,0,0,-0.0448,0,50
2026-05-12 19:48:20,192.168.1.100,172.20.10.5,0,replay,0.052,2,2,235000,0,0,0,0,0,0,0,0,50,2,0,0,0,-0.0934,0,50
2026-05-12 19:48:20,192.168.1.100,172.20.10.5,0,replay,0.08,2,2,235000,0,0,0,0,0,0,0,0,50,2,0,0,0,0.077,0,50
2026-05-12 19:48:20,192.168.1.100,172.20.10.5,0,replay,0.023,2,2,235000,0,0,0,0,0,0,0,0,50,2,0,0,0,-0.2702,0,50
2026-05-12 19:48:21,192.168.1.100,172.20.10.5,0,replay,0.086,2,2,235000,0,0,0,0,0,0,0,0,50,2,0,0,0,0.1141,0,50
2026-05-12 19:48:21,192.168.1.100,172.20.10.5,0,replay,0.033,2,2,235000,0,0,0,0,0,0,0,0,50,2,0,0,0,-0.2093,0,50
2026-05-12 19:48:21,192.168.1.100,172.20.10.5,0,replay,0.083,2,2,235000,0,0,0,0,0,0,0,0,50,2,0,0,0,0.0961,0,50
2026-05-12 19:48:21,192.168.1.100,172.20.10.5,0,replay,0.057,2,2,235000,0,0,0,0,0,0,0,0,50,2,0,0,0,-0.0628,0,50
2026-05-12 19:48:21,192.168.1.100,172.20.10.5,0,replay,0.079,2,2,235000,0,0,0,0,0,0,0,0,50,2,0,0,0,0.0718,0,50
2026-05-12 19:48:21,192.168.1.100,172.20.10.5,0,replay,0.054,2,2,235000,0,0,0,0,0,0,0,0,50,2,0,0,0,-0.0813,0,50
2026-05-12 19:48:22,192.168.1.100,172.20.10.5,0,replay,0.044,2,2,235000,0,0,0,0,0,0,0,0,50,2,0,0,0,-0.1425,0,50
2026-05-12 19:48:22,192.168.1.100,172.20.10.5,0,replay,0.034,2,2,235000,0,0,0,0,0,0,0,0,50,2,0,0,0,-0.2037,0,50
2026-05-12 19:48:22,192.168.1.100,172.20.10.5,0,replay,0.044,2,2,235000,0,0,0,0,0,0,0,0,50,2,0,0,0,-0.1422,0,50
2026-05-12 19:48:22,192.168.1.100,172.20.10.5,0,replay,0.03,2,2,235000,0,0,0,0,0,0,0,0,50,2,0,0,0,-0.228,0,50
2026-05-12 19:48:22,192.168.1.100,172.20.10.5,0,replay,0.032,2,2,235000,0,0,0,0,0,0,0,0,50,2,0,0,0,-0.2155,0,50
2026-05-12 19:48:23,192.168.1.100,172.20.10.5,0,replay,0.093,2,2,235000,0,0,0,0,0,0,0,0,50,2,0,0,0,0.1599,0,50
2026-05-12 19:48:23,192.168.1.100,172.20.10.5,0,replay,0.026,2,2,235000,0,0,0,0,0,0,0,0,50,2,0,0,0,-0.2527,0,50
2026-05-12 19:48:23,192.168.1.100,172.20.10.5,0,replay,0.043,2,2,235000,0,0,0,0,0,0,0,0,50,2,0,0,0,-0.1478,0,50
2026-05-12 19:48:23,192.168.1.100,172.20.10.5,0,replay,0.059,2,2,235000,0,0,0,0,0,0,0,0,50,2,0,0,0,-0.049,0,50
2026-05-12 19:48:23,192.168.1.100,172.20.10.5,0,replay,0.06,2,2,235000,0,0,0,0,0,0,0,0,50,2,0,0,0,-0.0427,0,50
2026-05-12 19:48:24,192.168.1.100,172.20.10.5,0,replay,0.073,2,2,235000,0,0,0,0,0,0,0,0,50,2,0,0,0,0.0376,0,50
2026-05-12 19:48:24,192.168.1.100,172.20.10.5,0,replay,0.07,2,2,235000,0,0,0,0,0,0,0,0,50,2,0,0,0,0.019,0,50
2026-05-12 19:48:24,192.168.1.100,172.20.10.5,0,replay,0.089,2,2,235000,0,0,0,0,0,0,0,0,50,2,0,0,0,0.1366,0,50
2026-05-12 19:48:24,192.168.1.100,172.20.10.5,0,replay,0.078,2,2,235000,0,0,0,0,0,0,0,0,50,2,0,0,0,0.0683,0,50
2026-05-12 19:48:24,192.168.1.100,172.20.10.5,0,replay,0.027,2,2,235000,0,0,0,0,0,0,0,0,50,2,0,0,0,-0.2478,0,50
2026-05-12 19:48:25,192.168.1.100,172.20.10.5,0,replay,0.022,2,2,235000,0,0,0,0,0,0,0,0,50,2,0,0,0,-0.2786,0,50
2026-05-12 19:48:25,192.168.1.100,172.20.10.5,0,replay,0.031,2,2,235000,0,0,0,0,0,0,0,0,50,2,0,0,0,-0.2225,0,50
2026-05-12 19:48:25,192.168.1.100,172.20.10.5,0,replay,0.026,2,2,235000,0,0,0,0,0,0,0,0,50,2,0,0,0,-0.2534,0,50
2026-05-12 19:48:25,192.168.1.100,172.20.10.5,0,replay,0.058,2,2,235000,0,0,0,0,0,0,0,0,50,2,0,0,0,-0.0542,0,50
2026-05-12 19:48:25,192.168.1.100,172.20.10.5,0,replay,0.022,2,2,235000,0,0,0,0,0,0,0,0,50,2,0,0,0,-0.2781,0,50
2026-05-12 19:48:26,192.168.1.100,172.20.10.5,0,replay,0.021,2,2,235000,0,0,0,0,0,0,0,0,50,2,0,0,0,-0.2841,0,50
2026-05-12 19:48:26,192.168.1.100,172.20.10.5,0,replay,0.043,2,2,235000,0,0,0,0,0,0,0,0,50,2,0,0,0,-0.1468,0,50
2026-05-12 19:48:26,192.168.1.100,172.20.10.5,0,replay,0.045,2,2,235000,0,0,0,0,0,0,0,0,50,2,0,0,0,-0.1342,0,50
2026-05-12 19:48:26,192.168.1.100,172.20.10.5,0,replay,0.039,2,2,235000,0,0,0,0,0,0,0,0,50,2,0,0,0,-0.1715,0,50
2026-05-12 19:48:26,192.168.1.100,172.20.10.5,0,replay,0.041,2,2,235000,0,0,0,0,0,0,0,0,50,2,0,0,0,-0.1589,0,50
2026-05-12 19:48:27,192.168.1.100,172.20.10.5,0,replay,0.031,2,2,235000,0,0,0,0,0,0,0,0,50,2,0,0,0,-0.2213,0,50
2026-05-12 19:48:27,192.168.1.100,172.20.10.5,0,replay,0.055,2,2,235000,0,0,0,0,0,0,0,0,50,2,0,0,0,-0.0709,0,50
2026-05-12 19:48:27,192.168.1.100,172.20.10.5,0,replay,0.084,2,2,235000,0,0,0,0,0,0,0,0,50,2,0,0,0,0.1108,0,50
2026-05-12 19:48:27,192.168.1.100,172.20.10.5,0,replay,0.063,2,2,235000,0,0,0,0,0,0,0,0,50,2,0,0,0,-0.021,0,50
2026-05-12 19:48:27,192.168.1.100,172.20.10.5,0,replay,0.031,2,2,235000,0,0,0,0,0,0,0,0,50,2,0,0,0,-0.2216,0,50
2026-05-12 19:48:28,192.168.1.100,172.20.10.5,0,replay,0.033,2,2,235000,0,0,0,0,0,0,0,0,50,2,0,0,0,-0.2089,0,50
2026-05-12 19:48:28,192.168.1.100,172.20.10.5,0,replay,0.042,2,2,235000,0,0,0,0,0,0,0,0,50,2,0,0,0,-0.1522,0,50
2026-05-12 19:48:28,192.168.1.100,172.20.10.5,0,replay,0.047,2,2,235000,0,0,0,0,0,0,0,0,50,2,0,0,0,-0.1206,0,50
2026-05-12 19:48:28,192.168.1.100,172.20.10.5,0,replay,0.028,2,2,235000,0,0,0,0,0,0,0,0,50,2,0,0,0,-0.2401,0,50
2026-05-12 19:48:28,192.168.1.100,172.20.10.5,0,replay,0.021,2,2,235000,0,0,0,0,0,0,0,0,50,2,0,0,0,-0.2839,0,50
2026-05-12 19:48:29,192.168.1.100,172.20.10.5,0,replay,0.059,2,2,235000,0,0,0,0,0,0,0,0,50,2,0,0,0,-0.0442,0,50
2026-05-12 19:48:29,192.168.1.100,172.20.10.5,0,replay,0.021,2,2,235000,0,0,0,0,0,0,0,0,50,2,0,0,0,-0.2839,0,50
2026-05-12 19:48:29,192.168.1.100,172.20.10.5,0,replay,0.056,2,2,235000,0,0,0,0,0,0,0,0,50,2,0,0,0,-0.0627,0,50
2026-05-12 19:48:29,192.168.1.100,172.20.10.5,0,replay,0.039,2,2,235000,0,0,0,0,0,0,0,0,50,2,0,0,0,-0.1701,0,50
2026-05-12 19:48:29,192.168.1.100,172.20.10.5,0,replay,0.049,2,2,235000,0,0,0,0,0,0,0,0,50,2,0,0,0,-0.1067,0,50
2026-05-12 19:48:30,192.168.1.100,172.20.10.5,0,replay,0.042,2,2,235000,0,0,0,0,0,0,0,0,50,2,0,0,0,-0.1509,0,50
2026-05-12 19:48:30,192.168.1.100,172.20.10.5,0,replay,0.031,2,2,235000,0,0,0,0,0,0,0,0,50,2,0,0,0,-0.2204,0,50
2026-05-12 19:48:30,192.168.1.100,172.20.10.5,0,replay,0.086,2,2,235000,0,0,0,0,0,0,0,0,50,2,0,0,0,0.1283,0,50
2026-05-12 19:48:30,192.168.1.100,172.20.10.5,0,replay,0.044,2,2,235000,0,0,0,0,0,0,0,0,50,2,0,0,0,-0.1382,0,50
2026-05-12 19:48:30,192.168.1.100,172.20.10.5,0,replay,0.044,2,2,235000,0,0,0,0,0,0,0,0,50,2,0,0,0,-0.1381,0,50
2026-05-12 19:48:30,192.168.1.100,172.20.10.5,0,replay,0.032,2,2,235000,0,0,0,0,0,0,0,0,50,2,0,0,0,-0.2142,0,50
2026-05-12 19:48:31,192.168.1.100,172.20.10.5,0,replay,0.049,2,2,235000,0,0,0,0,0,0,0,0,50,2,0,0,0,-0.1059,0,50
2026-05-12 19:48:31,192.168.1.100,172.20.10.5,0,replay,0.038,2,2,235000,0,0,0,0,0,0,0,0,50,2,0,0,0,-0.1758,0,50
2026-05-12 19:48:31,192.168.1.100,172.20.10.5,0,replay,0.043,2,2,235000,0,0,0,0,0,0,0,0,50,2,0,0,0,-0.1438,0,50
2026-05-12 19:48:31,192.168.1.100,172.20.10.5,0,replay,0.024,2,2,235000,0,0,0,0,0,0,0,0,50,2,0,0,0,-0.2648,0,50
2026-05-12 19:48:31,192.168.1.100,172.20.10.5,0,replay,0.055,2,2,235000,0,0,0,0,0,0,0,0,50,2,0,0,0,-0.0669,0,50
2026-05-12 19:48:32,192.168.1.100,172.20.10.5,0,replay,0.053,2,2,235000,0,0,0,0,0,0,0,0,50,2,0,0,0,-0.0796,0,50
2026-05-12 19:48:32,192.168.1.100,172.20.10.5,0,replay,0.09,2,2,235000,0,0,0,0,0,0,0,0,50,2,0,0,0,0.1567,0,50
2026-05-12 19:48:32,192.168.1.100,172.20.10.5,0,replay,0.043,2,2,235000,0,0,0,0,0,0,0,0,50,2,0,0,0,-0.1438,0,50
2026-05-12 19:48:32,192.168.1.100,172.20.10.5,0,replay,0.061,2,2,235000,0,0,0,0,0,0,0,0,50,2,0,0,0,-0.0285,0,50
2026-05-12 19:48:32,192.168.1.100,172.20.10.5,0,replay,0.057,2,2,235000,0,0,0,0,0,0,0,0,50,2,0,0,0,-0.0541,0,50
2026-05-12 19:48:33,192.168.1.100,172.20.10.5,0,replay,0.05,2,2,235000,0,0,0,0,0,0,0,0,50,2,0,0,0,-0.0989,0,50
2026-05-12 19:48:33,192.168.1.100,172.20.10.5,0,replay,0.031,2,2,235000,0,0,0,0,0,0,0,0,50,2,0,0,0,-0.2206,0,50
2026-05-12 19:48:33,192.168.1.100,172.20.10.5,0,replay,0.16,2,2,235000,0,0,0,0,0,0,0,0,50,2,0,0,0,0.6069,0,50
2026-05-12 19:48:33,192.168.1.100,172.20.10.5,0,replay,0.039,2,2,235000,0,0,0,0,0,0,0,0,50,2,0,0,0,-0.1702,0,50
2026-05-12 19:48:33,192.168.1.100,172.20.10.5,0,replay,0.042,2,2,235000,0,0,0,0,0,0,0,0,50,2,0,0,0,-0.1508,0,50
2026-05-12 19:48:34,192.168.1.100,172.20.10.5,0,replay,0.056,2,2,235000,0,0,0,0,0,0,0,0,50,2,0,0,0,-0.0606,0,50
2026-05-12 19:48:34,192.168.1.100,172.20.10.5,0,replay,0.054,2,2,235000,0,0,0,0,0,0,0,0,50,2,0,0,0,-0.0735,0,50
2026-05-12 19:48:34,192.168.1.100,172.20.10.5,0,replay,0.033,2,2,235000,0,0,0,0,0,0,0,0,50,2,0,0,0,-0.2086,0,50
2026-05-12 19:48:34,192.168.1.100,172.20.10.5,0,replay,0.03,2,2,235000,0,0,0,0,0,0,0,0,50,2,0,0,0,-0.2278,0,50
2026-05-12 19:48:34,192.168.1.100,172.20.10.5,0,replay,0.048,2,2,235000,0,0,0,0,0,0,0,0,50,2,0,0,0,-0.1115,0,50
2026-05-12 19:48:36,192.168.1.100,172.20.10.5,0,replay,0.057,2,2,235000,0,0,0,0,0,0,0,0,50,2,0,0,0,-0.0534,0,50
2026-05-12 19:48:36,192.168.1.100,172.20.10.5,0,replay,0.051,2,2,235000,0,0,0,0,0,0,0,0,50,2,0,0,0,-0.0921,0,50
2026-05-12 19:48:36,192.168.1.100,172.20.10.5,0,replay,0.059,2,2,235000,0,0,0,0,0,0,0,0,50,2,0,0,0,-0.0403,0,50
2026-05-12 19:48:37,192.168.1.100,172.20.10.5,0,replay,0.048,2,2,235000,0,0,0,0,0,0,0,0,50,2,0,0,0,-0.1114,0,50
2026-05-12 19:49:01,192.168.1.100,172.20.10.5,0,replay,0.103,2,2,235000,0,0,0,0,0,0,0,0,50,2,0,0,0,0.2446,0,50
2026-05-12 19:49:01,192.168.1.100,172.20.10.5,0,replay,0.03,2,2,235000,0,0,0,0,0,0,0,0,50,2,0,0,0,-0.2284,0,50
2026-05-12 19:49:01,192.168.1.100,172.20.10.5,0,replay,0.031,2,2,235000,0,0,0,0,0,0,0,0,50,2,0,0,0,-0.2217,0,50
2026-05-12 19:49:02,192.168.1.100,172.20.10.5,0,replay,0.051,2,2,235000,0,0,0,0,0,0,0,0,50,2,0,0,0,-0.0918,0,50
2026-05-12 19:49:02,192.168.1.100,172.20.10.5,0,replay,0.044,2,2,235000,0,0,0,0,0,0,0,0,50,2,0,0,0,-0.1372,0,50
2026-05-12 19:49:02,192.168.1.100,172.20.10.5,0,replay,0.06,2,2,235000,0,0,0,0,0,0,0,0,50,2,0,0,0,-0.0331,0,50
2026-05-12 19:49:02,192.168.1.100,172.20.10.5,0,replay,0.078,2,2,235000,0,0,0,0,0,0,0,0,50,2,0,0,0,0.0839,0,50
2026-05-12 19:49:03,192.168.1.100,172.20.10.5,0,replay,0.028,2,2,235000,0,0,0,0,0,0,0,0,50,2,0,0,0,-0.2414,0,50
2026-05-12 19:49:03,192.168.1.100,172.20.10.5,0,replay,0.037,2,2,235000,0,0,0,0,0,0,0,0,50,2,0,0,0,-0.1826,0,50
2026-05-12 19:49:03,192.168.1.100,172.20.10.5,0,replay,0.03,2,2,235000,0,0,0,0,0,0,0,0,50,2,0,0,0,-0.2281,0,50
2026-05-12 19:49:03,192.168.1.100,172.20.10.5,0,replay,0.043,2,2,235000,0,0,0,0,0,0,0,0,50,2,0,0,0,-0.1432,0,50
2026-05-12 19:49:03,192.168.1.100,172.20.10.5,0,replay,0.028,2,2,235000,0,0,0,0,0,0,0,0,50,2,0,0,0,-0.2409,0,50
2026-05-12 19:49:04,192.168.1.100,172.20.10.5,0,replay,0.032,2,2,235000,0,0,0,0,0,0,0,0,50,2,0,0,0,-0.2146,0,50
2026-05-12 19:49:04,192.168.1.100,172.20.10.5,0,replay,0.06,2,2,235000,0,0,0,0,0,0,0,0,50,2,0,0,0,-0.0315,0,50
2026-05-12 19:49:04,192.168.1.100,172.20.10.5,0,replay,0.031,2,2,235000,0,0,0,0,0,0,0,0,50,2,0,0,0,-0.2211,0,50
2026-05-12 19:49:04,192.168.1.100,172.20.10.5,0,replay,0.033,2,2,235000,0,0,0,0,0,0,0,0,50,2,0,0,0,-0.2078,0,50
2026-05-12 19:49:04,192.168.1.100,172.20.10.5,0,replay,0.033,2,2,235000,0,0,0,0,0,0,0,0,50,2,0,0,0,-0.2077,0,50
2026-05-12 19:49:05,192.168.1.100,172.20.10.5,0,replay,0.122,2,2,235000,0,0,0,0,0,0,0,0,50,2,0,0,0,0.3756,0,50
2026-05-12 19:49:05,192.168.1.100,172.20.10.5,0,replay,0.068,2,2,235000,0,0,0,0,0,0,0,0,50,2,0,0,0,0.0213,0,50
2026-05-12 19:49:05,192.168.1.100,172.20.10.5,0,replay,0.028,2,2,235000,0,0,0,0,0,0,0,0,50,2,0,0,0,-0.2412,0,50
2026-05-12 19:49:05,192.168.1.100,172.20.10.5,0,replay,0.06,2,2,235000,0,0,0,0,0,0,0,0,50,2,0,0,0,-0.0309,0,50
2026-05-12 19:49:05,192.168.1.100,172.20.10.5,0,replay,0.062,2,2,235000,0,0,0,0,0,0,0,0,50,2,0,0,0,-0.0177,0,50
2026-05-12 19:49:06,192.168.1.100,172.20.10.5,0,replay,0.251,2,2,235000,0,0,0,0,0,0,0,0,50,2,0,0,0,1.2239,0,50
2026-05-12 19:49:06,192.168.1.100,172.20.10.5,0,replay,0.036,2,2,235000,0,0,0,0,0,0,0,0,50,2,0,0,0,-0.1904,0,50
2026-05-12 19:49:06,192.168.1.100,172.20.10.5,0,replay,0.039,2,2,235000,0,0,0,0,0,0,0,0,50,2,0,0,0,-0.1706,0,50
2026-05-12 19:49:06,192.168.1.100,172.20.10.5,0,replay,0.039,2,2,235000,0,0,0,0,0,0,0,0,50,2,0,0,0,-0.1704,0,50
2026-05-12 19:49:06,192.168.1.100,172.20.10.5,0,replay,0.038,2,2,235000,0,0,0,0,0,0,0,0,50,2,0,0,0,-0.1769,0,50
2026-05-12 19:49:07,192.168.1.100,172.20.10.5,0,replay,0.093,2,2,235000,0,0,0,0,0,0,0,0,50,2,0,0,0,0.1858,0,50
2026-05-12 19:49:07,192.168.1.100,172.20.10.5,0,replay,0.045,2,2,235000,0,0,0,0,0,0,0,0,50,2,0,0,0,-0.131,0,50
2026-05-12 19:49:07,192.168.1.100,172.20.10.5,0,replay,0.046,2,2,235000,0,0,0,0,0,0,0,0,50,2,0,0,0,-0.1243,0,50
2026-05-12 19:49:07,192.168.1.100,172.20.10.5,0,replay,0.031,2,2,235000,0,0,0,0,0,0,0,0,50,2,0,0,0,-0.2233,0,50
2026-05-12 19:49:07,192.168.1.100,172.20.10.5,0,replay,0.028,2,2,235000,0,0,0,0,0,0,0,0,50,2,0,0,0,-0.2429,0,50
2026-05-12 19:49:07,192.168.1.100,172.20.10.5,0,replay,0.036,2,2,235000,0,0,0,0,0,0,0,0,50,2,0,0,0,-0.1898,0,50
2026-05-12 19:49:08,192.168.1.100,172.20.10.5,0,replay,0.051,2,2,235000,0,0,0,0,0,0,0,0,50,2,0,0,0,-0.0904,0,50
2026-05-12 19:49:08,192.168.1.100,172.20.10.5,0,replay,0.028,2,2,235000,0,0,0,0,0,0,0,0,50,2,0,0,0,-0.2427,0,50
2026-05-12 19:49:08,192.168.1.100,172.20.10.5,0,replay,0.049,2,2,235000,0,0,0,0,0,0,0,0,50,2,0,0,0,-0.1033,0,50
2026-05-12 19:49:08,192.168.1.100,172.20.10.5,0,replay,0.03,2,2,235000,0,0,0,0,0,0,0,0,50,2,0,0,0,-0.2293,0,50
2026-05-12 19:49:08,192.168.1.100,172.20.10.5,0,replay,0.021,2,2,235000,0,0,0,0,0,0,0,0,50,2,0,0,0,-0.2888,0,50
2026-05-12 19:49:09,192.168.1.100,172.20.10.5,0,replay,0.039,2,2,235000,0,0,0,0,0,0,0,0,50,2,0,0,0,-0.169,0,50
2026-05-12 19:49:09,192.168.1.100,172.20.10.5,0,replay,0.046,2,2,235000,0,0,0,0,0,0,0,0,50,2,0,0,0,-0.1224,0,50
2026-05-12 19:49:09,192.168.1.100,172.20.10.5,0,replay,0.027,2,2,235000,0,0,0,0,0,0,0,0,50,2,0,0,0,-0.2487,0,50
2026-05-12 19:49:09,192.168.1.100,172.20.10.5,0,replay,0.087,2,2,235000,0,0,0,0,0,0,0,0,50,2,0,0,0,0.151,0,50
2026-05-12 19:49:09,192.168.1.100,172.20.10.5,0,replay,0.048,2,2,235000,0,0,0,0,0,0,0,0,50,2,0,0,0,-0.109,0,50
2026-05-12 19:49:09,192.168.1.100,172.20.10.5,0,replay,0.034,2,2,235000,0,0,0,0,0,0,0,0,50,2,0,0,0,-0.2022,0,50
2026-05-12 19:49:10,192.168.1.100,172.20.10.5,0,replay,0.057,2,2,235000,0,0,0,0,0,0,0,0,50,2,0,0,0,-0.0486,0,50
2026-05-12 19:49:10,192.168.1.100,172.20.10.5,0,replay,0.047,2,2,235000,0,0,0,0,0,0,0,0,50,2,0,0,0,-0.1154,0,50
2026-05-12 19:49:10,192.168.1.100,172.20.10.5,0,replay,0.034,2,2,235000,0,0,0,0,0,0,0,0,50,2,0,0,0,-0.2021,0,50
2026-05-12 19:49:10,192.168.1.100,172.20.10.5,0,replay,0.058,2,2,235000,0,0,0,0,0,0,0,0,50,2,0,0,0,-0.0415,0,50
2026-05-12 19:49:10,192.168.1.100,172.20.10.5,0,replay,0.027,2,2,235000,0,0,0,0,0,0,0,0,50,2,0,0,0,-0.2489,0,50
2026-05-12 19:49:11,192.168.1.100,172.20.10.5,0,replay,0.048,2,2,235000,0,0,0,0,0,0,0,0,50,2,0,0,0,-0.1081,0,50
2026-05-12 19:49:11,192.168.1.100,172.20.10.5,0,replay,0.051,2,2,235000,0,0,0,0,0,0,0,0,50,2,0,0,0,-0.088,0,50
2026-05-12 19:49:12,192.168.1.100,172.20.10.5,0,replay,0.05,2,2,235000,0,0,0,0,0,0,0,0,50,2,0,0,0,-0.0946,0,50
2026-05-12 19:49:12,192.168.1.100,172.20.10.5,0,replay,0.047,2,2,235000,0,0,0,0,0,0,0,0,50,2,0,0,0,-0.1147,0,50
2026-05-12 19:49:12,192.168.1.100,172.20.10.5,0,replay,0.046,2,2,235000,0,0,0,0,0,0,0,0,50,2,0,0,0,-0.1213,0,50
2026-05-12 19:49:12,192.168.1.100,172.20.10.5,0,replay,0.03,2,2,235000,0,0,0,0,0,0,0,0,50,2,0,0,0,-0.2287,0,50
2026-05-12 19:49:13,192.168.1.100,172.20.10.5,0,replay,0.021,2,2,235000,0,0,0,0,0,0,0,0,50,2,0,0,0,-0.289,0,50
2026-05-12 19:49:13,192.168.1.100,172.20.10.5,0,replay,0.031,2,2,235000,0,0,0,0,0,0,0,0,50,2,0,0,0,-0.2215,0,50
2026-05-12 19:49:13,192.168.1.100,172.20.10.5,0,replay,0.044,2,2,235000,0,0,0,0,0,0,0,0,50,2,0,0,0,-0.1339,0,50
2026-05-12 19:49:13,192.168.1.100,172.20.10.5,0,replay,0.048,2,2,235000,0,0,0,0,0,0,0,0,50,2,0,0,0,-0.1068,0,50
2026-05-12 19:49:13,192.168.1.100,172.20.10.5,0,replay,0.043,2,2,235000,0,0,0,0,0,0,0,0,50,2,0,0,0,-0.1404,0,50
2026-05-12 19:49:13,192.168.1.100,172.20.10.5,0,replay,0.031,2,2,235000,0,0,0,0,0,0,0,0,50,2,0,0,0,-0.2213,0,50
2026-05-12 19:49:14,192.168.1.100,172.20.10.5,0,replay,0.054,2,2,235000,0,0,0,0,0,0,0,0,50,2,0,0,0,-0.0659,0,50
2026-05-12 19:49:14,192.168.1.100,172.20.10.5,0,replay,0.04,2,2,235000,0,0,0,0,0,0,0,0,50,2,0,0,0,-0.1604,0,50
2026-05-12 19:49:14,192.168.1.100,172.20.10.5,0,replay,0.053,2,2,235000,0,0,0,0,0,0,0,0,50,2,0,0,0,-0.0724,0,50
2026-05-12 19:49:14,192.168.1.100,172.20.10.5,0,replay,0.05,2,2,235000,0,0,0,0,0,0,0,0,50,2,0,0,0,-0.0927,0,50
2026-05-12 19:49:14,192.168.1.100,172.20.10.5,0,replay,0.058,2,2,235000,0,0,0,0,0,0,0,0,50,2,0,0,0,-0.0384,0,50
2026-05-12 19:49:15,192.168.1.100,172.20.10.5,0,replay,0.057,2,2,235000,0,0,0,0,0,0,0,0,50,2,0,0,0,-0.0452,0,50
2026-05-12 19:49:15,192.168.1.100,172.20.10.5,0,replay,0.091,2,2,235000,0,0,0,0,0,0,0,0,50,2,0,0,0,0.1853,0,50
2026-05-12 19:49:15,192.168.1.100,172.20.10.5,0,replay,0.06,2,2,235000,0,0,0,0,0,0,0,0,50,2,0,0,0,-0.0251,0,50
2026-05-12 19:49:15,192.168.1.100,172.20.10.5,0,replay,0.049,2,2,235000,0,0,0,0,0,0,0,0,50,2,0,0,0,-0.0997,0,50
2026-05-12 19:49:15,192.168.1.100,172.20.10.5,0,replay,0.047,2,2,235000,0,0,0,0,0,0,0,0,50,2,0,0,0,-0.1133,0,50
2026-05-12 19:49:16,192.168.1.100,172.20.10.5,0,replay,0.047,2,2,235000,0,0,0,0,0,0,0,0,50,2,0,0,0,-0.1132,0,50
2026-05-12 19:49:16,192.168.1.100,172.20.10.5,0,replay,0.043,2,2,235000,0,0,0,0,0,0,0,0,50,2,0,0,0,-0.1403,0,50
2026-05-12 19:49:16,192.168.1.100,172.20.10.5,0,replay,0.054,2,2,235000,0,0,0,0,0,0,0,0,50,2,0,0,0,-0.0653,0,50
2026-05-12 19:49:16,192.168.1.100,172.20.10.5,0,replay,0.315,2,2,235000,0,0,0,0,0,0,0,0,50,2,0,0,0,1.7089,0,50
2026-05-12 19:49:16,192.168.1.100,172.20.10.5,0,replay,0.039,2,2,235000,0,0,0,0,0,0,0,0,50,2,0,0,0,-0.1696,0,50
2026-05-12 19:49:16,192.168.1.100,172.20.10.5,0,replay,0.029,2,2,235000,0,0,0,0,0,0,0,0,50,2,0,0,0,-0.2375,0,50
2026-05-12 19:49:17,192.168.1.100,172.20.10.5,0,replay,0.046,2,2,235000,0,0,0,0,0,0,0,0,50,2,0,0,0,-0.1216,0,50
2026-05-12 19:49:17,192.168.1.100,172.20.10.5,0,replay,0.041,2,2,235000,0,0,0,0,0,0,0,0,50,2,0,0,0,-0.1556,0,50
2026-05-12 19:49:17,192.168.1.100,172.20.10.5,0,replay,0.028,2,2,235000,0,0,0,0,0,0,0,0,50,2,0,0,0,-0.2441,0,50
2026-05-12 19:49:17,192.168.1.100,172.20.10.5,0,replay,0.034,2,2,235000,0,0,0,0,0,0,0,0,50,2,0,0,0,-0.203,0,50
2026-05-12 19:49:17,192.168.1.100,172.20.10.5,0,replay,0.064,2,2,235000,0,0,0,0,0,0,0,0,50,2,0,0,0,0.002,0,50
2026-05-12 19:49:18,192.168.1.100,172.20.10.5,0,replay,0.078,2,2,235000,0,0,0,0,0,0,0,0,50,2,0,0,0,0.0977,0,50
2026-05-12 19:49:18,192.168.1.100,172.20.10.5,0,replay,0.062,2,2,235000,0,0,0,0,0,0,0,0,50,2,0,0,0,-0.0118,0,50
2026-05-12 19:49:18,192.168.1.100,172.20.10.5,0,replay,0.064,2,2,235000,0,0,0,0,0,0,0,0,50,2,0,0,0,0.0019,0,50
2026-05-12 19:49:18,192.168.1.100,172.20.10.5,0,replay,0.058,2,2,235000,0,0,0,0,0,0,0,0,50,2,0,0,0,-0.0392,0,50
2026-05-12 19:49:18,192.168.1.100,172.20.10.5,0,replay,0.052,2,2,235000,0,0,0,0,0,0,0,0,50,2,0,0,0,-0.0803,0,50
2026-05-12 19:49:19,192.168.1.100,172.20.10.5,0,replay,0.082,2,2,235000,0,0,0,0,0,0,0,0,50,2,0,0,0,0.1255,0,50
2026-05-12 19:49:19,192.168.1.100,172.20.10.5,0,replay,0.056,2,2,235000,0,0,0,0,0,0,0,0,50,2,0,0,0,-0.053,0,50
2026-05-12 19:49:19,192.168.1.100,172.20.10.5,0,replay,0.05,2,2,235000,0,0,0,0,0,0,0,0,50,2,0,0,0,-0.0942,0,50
2026-05-12 19:49:19,192.168.1.100,172.20.10.5,0,replay,0.038,2,2,235000,0,0,0,0,0,0,0,0,50,2,0,0,0,-0.1765,0,50
2026-05-12 19:49:19,192.168.1.100,172.20.10.5,0,replay,0.045,2,2,235000,0,0,0,0,0,0,0,0,50,2,0,0,0,-0.1283,0,50
2026-05-12 19:49:19,192.168.1.100,172.20.10.5,0,replay,0.058,2,2,235000,0,0,0,0,0,0,0,0,50,2,0,0,0,-0.0388,0,50
2026-05-12 19:49:20,192.168.1.100,172.20.10.5,0,replay,0.049,2,2,235000,0,0,0,0,0,0,0,0,50,2,0,0,0,-0.1007,0,50
2026-05-12 19:49:20,192.168.1.100,172.20.10.5,0,replay,0.021,2,2,235000,0,0,0,0,0,0,0,0,50,2,0,0,0,-0.2935,0,50
2026-05-12 19:49:20,192.168.1.100,172.20.10.5,0,replay,0.029,2,2,235000,0,0,0,0,0,0,0,0,50,2,0,0,0,-0.2381,0,50
2026-05-12 19:49:20,192.168.1.100,172.20.10.5,0,replay,0.048,2,2,235000,0,0,0,0,0,0,0,0,50,2,0,0,0,-0.1069,0,50
2026-05-12 19:49:20,192.168.1.100,172.20.10.5,0,replay,0.036,2,2,235000,0,0,0,0,0,0,0,0,50,2,0,0,0,-0.1897,0,50
2026-05-12 19:49:20,192.168.1.100,172.20.10.5,0,replay,0.041,2,2,235000,0,0,0,0,0,0,0,0,50,2,0,0,0,-0.155,0,50
2026-05-12 19:49:21,192.168.1.100,172.20.10.5,0,replay,0.073,2,2,235000,0,0,0,0,0,0,0,0,50,2,0,0,0,0.0662,0,50
2026-05-12 19:49:21,192.168.1.100,172.20.10.5,0,replay,0.041,2,2,235000,0,0,0,0,0,0,0,0,50,2,0,0,0,-0.1551,0,50
2026-05-12 19:49:21,192.168.1.100,172.20.10.5,0,replay,0.027,2,2,235000,0,0,0,0,0,0,0,0,50,2,0,0,0,-0.2519,0,50
2026-05-12 19:49:21,192.168.1.100,172.20.10.5,0,replay,0.069,2,2,235000,0,0,0,0,0,0,0,0,50,2,0,0,0,0.0391,0,50
2026-05-12 19:49:21,192.168.1.100,172.20.10.5,0,replay,0.053,2,2,235000,0,0,0,0,0,0,0,0,50,2,0,0,0,-0.0718,0,50
2026-05-12 19:49:22,192.168.1.100,172.20.10.5,0,replay,0.04,2,2,235000,0,0,0,0,0,0,0,0,50,2,0,0,0,-0.1619,0,50
2026-05-12 19:49:22,192.168.1.100,172.20.10.5,0,replay,0.054,2,2,235000,0,0,0,0,0,0,0,0,50,2,0,0,0,-0.0646,0,50
2026-05-12 19:49:22,192.168.1.100,172.20.10.5,0,replay,0.036,2,2,235000,0,0,0,0,0,0,0,0,50,2,0,0,0,-0.1895,0,50
2026-05-12 19:49:22,192.168.1.100,172.20.10.5,0,replay,0.049,2,2,235000,0,0,0,0,0,0,0,0,50,2,0,0,0,-0.0991,0,50
2026-05-12 19:49:22,192.168.1.100,172.20.10.5,0,replay,0.067,2,2,235000,0,0,0,0,0,0,0,0,50,2,0,0,0,0.0261,0,50
2026-05-12 19:49:22,192.168.1.100,172.20.10.5,0,replay,0.037,2,2,235000,0,0,0,0,0,0,0,0,50,2,0,0,0,-0.1826,0,50
2026-05-12 19:49:23,192.168.1.100,172.20.10.5,0,replay,0.028,2,2,235000,0,0,0,0,0,0,0,0,50,2,0,0,0,-0.2451,0,50
2026-05-12 19:49:23,192.168.1.100,172.20.10.5,0,replay,0.063,2,2,235000,0,0,0,0,0,0,0,0,50,2,0,0,0,-0.0012,0,50
2026-05-12 19:49:23,192.168.1.100,172.20.10.5,0,replay,0.029,2,2,235000,0,0,0,0,0,0,0,0,50,2,0,0,0,-0.2381,0,50
2026-05-12 19:49:23,192.168.1.100,172.20.10.5,0,replay,0.082,2,2,235000,0,0,0,0,0,0,0,0,50,2,0,0,0,0.1316,0,50
2026-05-12 19:49:23,192.168.1.100,172.20.10.5,0,replay,0.044,2,2,235000,0,0,0,0,0,0,0,0,50,2,0,0,0,-0.1336,0,50
2026-05-12 19:49:24,192.168.1.100,172.20.10.5,0,replay,0.029,2,2,235000,0,0,0,0,0,0,0,0,50,2,0,0,0,-0.2383,0,50
2026-05-12 19:49:24,192.168.1.100,172.20.10.5,0,replay,0.061,2,2,235000,0,0,0,0,0,0,0,0,50,2,0,0,0,-0.0146,0,50
2026-05-12 19:49:24,192.168.1.100,172.20.10.5,0,replay,0.062,2,2,235000,0,0,0,0,0,0,0,0,50,2,0,0,0,-0.0076,0,50
2026-05-12 19:49:24,192.168.1.100,172.20.10.5,0,replay,0.05,2,2,235000,0,0,0,0,0,0,0,0,50,2,0,0,0,-0.0915,0,50
2026-05-12 19:49:24,192.168.1.100,172.20.10.5,0,replay,0.058,2,2,235000,0,0,0,0,0,0,0,0,50,2,0,0,0,-0.0354,0,50
2026-05-12 19:49:25,192.168.1.100,172.20.10.5,0,replay,0.155,2,2,235000,0,0,0,0,0,0,0,0,50,2,0,0,0,0.6438,0,50
2026-05-12 19:51:54,192.168.1.100,172.20.10.5,0,replay,0.152,2,2,235000,0,0,0,0,0,0,0,0,50,2,0,0,0,0,0,50
2026-05-12 19:51:55,192.168.1.100,172.20.10.5,0,replay,0.031,2,2,235000,0,0,0,0,0,0,0,0,50,2,0,0,0,-1.0,0,50
2026-05-12 19:51:55,192.168.1.100,172.20.10.5,0,replay,0.021,2,2,235000,0,0,0,0,0,0,0,0,50,2,0,0,0,-0.7894,0,50
2026-05-12 19:51:55,192.168.1.100,172.20.10.5,0,replay,0.033,2,2,235000,0,0,0,0,0,0,0,0,50,2,0,0,0,-0.4884,0,50
2026-05-12 19:51:56,192.168.1.100,172.20.10.5,0,replay,0.077,2,2,235000,0,0,0,0,0,0,0,0,50,2,0,0,0,0.2922,0,50
2026-05-12 19:51:56,192.168.1.100,172.20.10.5,0,replay,0.063,2,2,235000,0,0,0,0,0,0,0,0,50,2,0,0,0,0.0038,0,50
2026-05-12 19:51:56,192.168.1.100,172.20.10.5,0,replay,0.03,2,2,235000,0,0,0,0,0,0,0,0,50,2,0,0,0,-0.66,0,50
2026-05-12 19:53:06,192.168.1.100,172.20.10.5,0,replay,0.032,2,2,235000,0,0,0,0,0,0,0,0,50,2,0,0,0,-0.5605,0,50
2026-05-12 19:53:07,192.168.1.100,172.20.10.5,0,replay,0.049,2,2,235000,0,0,0,0,0,0,0,0,50,2,0,0,0,-0.1356,0,50
2026-05-12 19:53:07,192.168.1.100,172.20.10.5,0,replay,0.028,2,2,235000,0,0,0,0,0,0,0,0,50,2,0,0,0,-0.6313,0,50
2026-05-12 19:53:07,192.168.1.100,172.20.10.5,0,replay,0.03,2,2,235000,0,0,0,0,0,0,0,0,50,2,0,0,0,-0.5427,0,50
2026-05-12 19:53:07,192.168.1.100,172.20.10.5,0,replay,0.04,2,2,235000,0,0,0,0,0,0,0,0,50,2,0,0,0,-0.2542,0,50
2026-05-12 19:53:07,192.168.1.100,172.20.10.5,0,replay,0.045,2,2,235000,0,0,0,0,0,0,0,0,50,2,0,0,0,-0.106,0,50
2026-05-12 19:53:08,192.168.1.100,172.20.10.5,0,replay,0.04,2,2,235000,0,0,0,0,0,0,0,0,50,2,0,0,0,-0.2458,0,50
2026-05-12 19:53:08,192.168.1.100,172.20.10.5,0,replay,0.044,2,2,235000,0,0,0,0,0,0,0,0,50,2,0,0,0,-0.1176,0,50
2026-05-12 19:53:08,192.168.1.100,172.20.10.5,0,replay,0.032,2,2,235000,0,0,0,0,0,0,0,0,50,2,0,0,0,-0.4827,0,50
2026-05-12 19:53:08,192.168.1.100,172.20.10.5,0,replay,0.027,2,2,235000,0,0,0,0,0,0,0,0,50,2,0,0,0,-0.6202,0,50
2026-05-12 19:53:09,192.168.1.100,172.20.10.5,0,replay,0.03,2,2,235000,0,0,0,0,0,0,0,0,50,2,0,0,0,-0.5014,0,50
2026-05-12 19:53:09,192.168.1.100,172.20.10.5,0,replay,0.029,2,2,235000,0,0,0,0,0,0,0,0,50,2,0,0,0,-0.5174,0,50
2026-05-12 19:53:09,192.168.1.100,172.20.10.5,0,replay,0.04,2,2,235000,0,0,0,0,0,0,0,0,50,2,0,0,0,-0.1305,0,50
2026-05-12 19:53:09,192.168.1.100,172.20.10.5,0,replay,0.027,2,2,235000,0,0,0,0,0,0,0,0,50,2,0,0,0,-0.576,0,50
2026-05-12 19:53:09,192.168.1.100,172.20.10.5,0,replay,0.048,2,2,235000,0,0,0,0,0,0,0,0,50,2,0,0,0,0.1824,0,50
2026-05-12 19:53:10,192.168.1.100,172.20.10.5,0,replay,0.029,2,2,235000,0,0,0,0,0,0,0,0,50,2,0,0,0,-0.509,0,50
2026-05-12 19:53:10,192.168.1.100,172.20.10.5,0,replay,0.029,2,2,235000,0,0,0,0,0,0,0,0,50,2,0,0,0,-0.4956,0,50
2026-05-12 19:53:10,192.168.1.100,172.20.10.5,0,replay,0.033,2,2,235000,0,0,0,0,0,0,0,0,50,2,0,0,0,-0.3344,0,50
2026-05-12 19:53:10,192.168.1.100,172.20.10.5,0,replay,0.028,2,2,235000,0,0,0,0,0,0,0,0,50,2,0,0,0,-0.5167,0,50
2026-05-12 19:53:10,192.168.1.100,172.20.10.5,0,replay,0.028,2,2,235000,0,0,0,0,0,0,0,0,50,2,0,0,0,-0.5045,0,50
2026-05-12 19:53:11,192.168.1.100,172.20.10.5,0,replay,0.033,2,2,235000,0,0,0,0,0,0,0,0,50,2,0,0,0,-0.2977,0,50
2026-05-12 19:53:11,192.168.1.100,172.20.10.5,0,replay,0.031,2,2,235000,0,0,0,0,0,0,0,0,50,2,0,0,0,-0.3718,0,50
2026-05-12 19:53:11,192.168.1.100,172.20.10.5,0,replay,0.034,2,2,235000,0,0,0,0,0,0,0,0,50,2,0,0,0,-0.243,0,50
2026-05-12 19:53:11,192.168.1.100,172.20.10.5,0,replay,0.028,2,2,235000,0,0,0,0,0,0,0,0,50,2,0,0,0,-0.4859,0,50
2026-05-12 19:53:11,192.168.1.100,172.20.10.5,0,replay,0.028,2,2,235000,0,0,0,0,0,0,0,0,50,2,0,0,0,-0.4765,0,50
2026-05-12 19:53:12,192.168.1.100,172.20.10.5,0,replay,0.031,2,2,235000,0,0,0,0,0,0,0,0,50,2,0,0,0,-0.341,0,50
2026-05-12 19:53:12,192.168.1.100,172.20.10.5,0,replay,0.034,2,2,235000,0,0,0,0,0,0,0,0,50,2,0,0,0,-0.2064,0,50
2026-05-12 19:53:12,192.168.1.100,172.20.10.5,0,replay,0.031,2,2,235000,0,0,0,0,0,0,0,0,50,2,0,0,0,-0.3342,0,50
2026-05-12 19:53:12,192.168.1.100,172.20.10.5,0,replay,0.051,2,2,235000,0,0,0,0,0,0,0,0,50,2,0,0,0,0.5552,0,50
2026-05-12 19:53:12,192.168.1.100,172.20.10.5,0,replay,0.028,2,2,235000,0,0,0,0,0,0,0,0,50,2,0,0,0,-0.4813,0,50
2026-05-12 19:53:13,192.168.1.100,172.20.10.5,0,replay,0.033,2,2,235000,0,0,0,0,0,0,0,0,50,2,0,0,0,-0.2483,0,50
2026-05-12 19:53:13,192.168.1.100,172.20.10.5,0,replay,0.037,2,2,235000,0,0,0,0,0,0,0,0,50,2,0,0,0,-0.0616,0,50
2026-05-12 19:53:13,192.168.1.100,172.20.10.5,0,replay,0.036,2,2,235000,0,0,0,0,0,0,0,0,50,2,0,0,0,-0.1073,0,50
2026-05-12 19:53:13,192.168.1.100,172.20.10.5,0,replay,0.081,2,2,235000,0,0,0,0,0,0,0,0,50,2,0,0,0,1.9183,0,50
2026-05-12 19:53:13,192.168.1.100,172.20.10.5,0,replay,0.032,2,2,235000,0,0,0,0,0,0,0,0,50,2,0,0,0,-0.331,0,50
2026-05-12 19:53:14,192.168.1.100,172.20.10.5,0,replay,0.03,2,2,235000,0,0,0,0,0,0,0,0,50,2,0,0,0,-0.4181,0,50
2026-05-12 19:53:14,192.168.1.100,172.20.10.5,0,replay,0.037,2,2,235000,0,0,0,0,0,0,0,0,50,2,0,0,0,-0.0885,0,50
2026-05-12 19:53:14,192.168.1.100,172.20.10.5,0,replay,0.031,2,2,235000,0,0,0,0,0,0,0,0,50,2,0,0,0,-0.3686,0,50
2026-05-12 19:53:14,192.168.1.100,172.20.10.5,0,replay,0.038,2,2,235000,0,0,0,0,0,0,0,0,50,2,0,0,0,-0.0327,0,50
2026-05-12 19:53:14,192.168.1.100,172.20.10.5,0,replay,0.031,2,2,235000,0,0,0,0,0,0,0,0,50,2,0,0,0,-0.3675,0,50
2026-05-12 19:53:15,192.168.1.100,172.20.10.5,0,replay,0.028,2,2,235000,0,0,0,0,0,0,0,0,50,2,0,0,0,-0.5074,0,50
2026-05-12 19:53:15,192.168.1.100,172.20.10.5,0,replay,0.031,2,2,235000,0,0,0,0,0,0,0,0,50,2,0,0,0,-0.3554,0,50
2026-05-12 19:53:15,192.168.1.100,172.20.10.5,0,replay,0.045,2,2,235000,0,0,0,0,0,0,0,0,50,2,0,0,0,0.3373,0,50
2026-05-12 19:53:15,192.168.1.100,172.20.10.5,0,replay,0.044,2,2,235000,0,0,0,0,0,0,0,0,50,2,0,0,0,0.2841,0,50
2026-05-12 19:53:15,192.168.1.100,172.20.10.5,0,replay,0.042,2,2,235000,0,0,0,0,0,0,0,0,50,2,0,0,0,0.1809,0,50
2026-05-12 19:53:15,192.168.1.100,172.20.10.5,0,replay,0.03,2,2,235000,0,0,0,0,0,0,0,0,50,2,0,0,0,-0.4278,0,50
2026-05-12 19:53:16,192.168.1.100,172.20.10.5,0,replay,0.032,2,2,235000,0,0,0,0,0,0,0,0,50,2,0,0,0,-0.3214,0,50
2026-05-12 19:53:16,192.168.1.100,172.20.10.5,0,replay,0.036,2,2,235000,0,0,0,0,0,0,0,0,50,2,0,0,0,-0.1125,0,50
2026-05-12 19:53:16,192.168.1.100,172.20.10.5,0,replay,0.044,2,2,235000,0,0,0,0,0,0,0,0,50,2,0,0,0,0.304,0,50
2026-05-12 19:53:16,192.168.1.100,172.20.10.5,0,replay,0.038,2,2,235000,0,0,0,0,0,0,0,0,50,2,0,0,0,-0.0131,0,50
2026-05-12 19:53:16,192.168.1.100,172.20.10.5,0,replay,0.039,2,2,235000,0,0,0,0,0,0,0,0,50,2,0,0,0,0.0399,0,50
2026-05-12 19:53:17,192.168.1.100,172.20.10.5,0,replay,0.031,2,2,235000,0,0,0,0,0,0,0,0,50,2,0,0,0,-0.3867,0,50
2026-05-12 19:53:17,192.168.1.100,172.20.10.5,0,replay,0.053,2,2,235000,0,0,0,0,0,0,0,0,50,2,0,0,0,0.7946,0,50
2026-05-12 19:53:17,192.168.1.100,172.20.10.5,0,replay,0.027,2,2,235000,0,0,0,0,0,0,0,0,50,2,0,0,0,-0.6118,0,50
2026-05-12 19:53:17,192.168.1.100,172.20.10.5,0,replay,0.022,2,2,235000,0,0,0,0,0,0,0,0,50,2,0,0,0,-0.8723,0,50
