pps,heap,motion,arm,label
0,234188,0,1,0
0,234188,0,1,0
0,234188,0,1,0
0,234188,0,1,0
0,234188,0,1,0
0,234188,0,1,0
0,234188,0,1,0
0,234188,0,1,0
0,234188,0,1,0
0,234188,0,1,0
0,234188,0,1,0
0,234188,0,1,0
0,234188,0,1,0
0,234188,0,1,0
0,234188,0,1,0
0,234188,0,1,0
0,234188,0,1,0
0,234188,0,1,0
0,234188,0,1,0
0,234188,0,1,0
0,234188,0,1,0
0,234188,0,1,0
0,234188,0,1,0
0,234188,0,1,0
0,234188,1,1,0
0,234188,0,1,0
0,234188,0,1,0
0,234188,0,1,0
0,234188,1,1,0
0,234188,0,1,0
0,234188,0,1,0
0,234188,1,1,0
0,234188,0,1,0
0,234188,0,1,0
0,234188,1,1,0
0,234188,0,1,0
0,234188,0,1,0
0,234188,0,1,0
